<?xml version="1.0" encoding="ISO-8859-1"?>
<adempiereAD Name="DeliveryTable" Version="1" CompVer="Release 3.3.0" DataBase="1" Description="Delivery" creator="pasuwatw@gmail.com" creatorcontact="pasuwatw@gmail.com" createddate="2014-04-21 22:08:41" updateddate="2014-04-21 22:22:47" PackOutVer="005">
    <table AD_Table_ID="80009" Name="Delivery" ADTableNameID="SD_Delivery" ADWindowNameID="" POWindowNameID="" ADValRuleNameID="" AccessLevel="3" Description="Delivery package to customer" EntityType="pasta" Help="" ImportTable="N" isChangeLog="false" isActive="true" isDeleteable="true" isHighVolume="false" isSecurityEnabled="false" isView="false" LoadSeq="" ReplicationType="L" TableName="SD_Delivery">
        <element AD_Element_ID="80091" IsActive="true" ColumnName="SD_Delivery_ID" Description="" EntityType="pasta" Help="" Name="Delivery Transaction" PrintName="Delivery Transaction" PO_Description="" PO_Name="" PO_Help="" PO_PrintName=""/>
        <reference AD_Reference_ID="13" name="ID" Description="10 Digit Identifier" EntityType="D" Help="" Name="ID" isActive="true" VFormat="" ValidationType="D"/>
        <column AD_Column_ID="80356" ADColumnNameID="SD_Delivery_ID" ADProcessNameID="" ADElementNameID="SD_Delivery_ID" ADReferenceNameID="ID" ADReferenceNameValueID="" ADTableNameID="SD_Delivery" ADValRuleNameID="" Callout="" ColumnSQL="" ColumnName="SD_Delivery_ID" DefaultValue="" Description="" EntityType="U" FieldLength="10" Help="" isAlwaysUpdateable="false" isIdentifier="false" isKey="true" isMandatory="true" isParent="false" isSelectionColumn="false" isActive="true" isTranslated="false" isUpdateable="false" Name="Delivery Transaction" getIsSyncDatabase="Y" ReadOnlyLogic="" SeqNo="0" VFormat="" ValueMax="" ValueMin="" Version="0" InfoFactoryClass=""/>
        <element AD_Element_ID="102" IsActive="true" ColumnName="AD_Client_ID" Description="Client/Tenant for this installation." EntityType="D" Help="A Client is a company or a legal entity. You cannot share data between Clients. Tenant is a synonym for Client." Name="Client" PrintName="Client" PO_Description="" PO_Name="" PO_Help="" PO_PrintName=""/>
        <reference AD_Reference_ID="19" name="Table Direct" Description="Direct Table Access" EntityType="D" Help="" Name="Table Direct" isActive="true" VFormat="" ValidationType="D"/>
        <column AD_Column_ID="80338" ADColumnNameID="AD_Client_ID" ADProcessNameID="" ADElementNameID="AD_Client_ID" ADReferenceNameID="Table Direct" ADReferenceNameValueID="" ADTableNameID="SD_Delivery" ADValRuleNameID="" Callout="" ColumnSQL="" ColumnName="AD_Client_ID" DefaultValue="" Description="Client/Tenant for this installation." EntityType="pasta" FieldLength="10" Help="A Client is a company or a legal entity. You cannot share data between Clients. Tenant is a synonym for Client." isAlwaysUpdateable="false" isIdentifier="false" isKey="false" isMandatory="true" isParent="false" isSelectionColumn="false" isActive="true" isTranslated="false" isUpdateable="false" Name="Client" getIsSyncDatabase="Y" ReadOnlyLogic="" SeqNo="0" VFormat="" ValueMax="" ValueMin="" Version="0" InfoFactoryClass=""/>
        <element AD_Element_ID="113" IsActive="true" ColumnName="AD_Org_ID" Description="Organizational entity within client" EntityType="D" Help="An organization is a unit of your client or legal entity - examples are store, department. You can share data between organizations." Name="Organization" PrintName="Organization" PO_Description="" PO_Name="" PO_Help="" PO_PrintName=""/>
        <column AD_Column_ID="80339" ADColumnNameID="AD_Org_ID" ADProcessNameID="" ADElementNameID="AD_Org_ID" ADReferenceNameID="Table Direct" ADReferenceNameValueID="" ADTableNameID="SD_Delivery" ADValRuleNameID="" Callout="" ColumnSQL="" ColumnName="AD_Org_ID" DefaultValue="" Description="Organizational entity within client" EntityType="pasta" FieldLength="10" Help="An organization is a unit of your client or legal entity - examples are store, department. You can share data between organizations." isAlwaysUpdateable="false" isIdentifier="false" isKey="false" isMandatory="false" isParent="false" isSelectionColumn="false" isActive="true" isTranslated="false" isUpdateable="false" Name="Organization" getIsSyncDatabase="Y" ReadOnlyLogic="" SeqNo="0" VFormat="" ValueMax="" ValueMin="" Version="0" InfoFactoryClass=""/>
        <element AD_Element_ID="245" IsActive="true" ColumnName="Created" Description="Date this record was created" EntityType="D" Help="The Created field indicates the date that this record was created." Name="Created" PrintName="Created" PO_Description="" PO_Name="" PO_Help="" PO_PrintName=""/>
        <reference AD_Reference_ID="16" name="Date+Time" Description="Date with time" EntityType="D" Help="" Name="Date+Time" isActive="true" VFormat="" ValidationType="D"/>
        <column AD_Column_ID="80341" ADColumnNameID="Created" ADProcessNameID="" ADElementNameID="Created" ADReferenceNameID="Date+Time" ADReferenceNameValueID="" ADTableNameID="SD_Delivery" ADValRuleNameID="" Callout="" ColumnSQL="" ColumnName="Created" DefaultValue="" Description="Date this record was created" EntityType="pasta" FieldLength="29" Help="The Created field indicates the date that this record was created." isAlwaysUpdateable="false" isIdentifier="false" isKey="false" isMandatory="true" isParent="false" isSelectionColumn="false" isActive="true" isTranslated="false" isUpdateable="false" Name="Created" getIsSyncDatabase="Y" ReadOnlyLogic="" SeqNo="0" VFormat="" ValueMax="" ValueMin="" Version="0" InfoFactoryClass=""/>
        <element AD_Element_ID="246" IsActive="true" ColumnName="CreatedBy" Description="User who created this records" EntityType="D" Help="The Created By field indicates the user who created this record." Name="Created By" PrintName="Created By" PO_Description="" PO_Name="" PO_Help="" PO_PrintName=""/>
        <reference AD_Reference_ID="18" name="Table" Description="Table List" EntityType="D" Help="" Name="Table" isActive="true" VFormat="" ValidationType="D"/>
        <reference AD_Reference_ID="110" name="AD_User" Description="User selection" EntityType="D" Help="" Name="AD_User" isActive="true" VFormat="" ValidationType="T">
            <referencetable AD_Reference_ID="110" ADRefenceNameID="AD_User" ADTableNameID="AD_User" ADDisplay="Name" Key="AD_User_ID" EntityType="D" IsValueDisplayed="N" OrderByClause="AD_User.Name" isActive="Y" WhereClause=""/>
        </reference>
        <column AD_Column_ID="80342" ADColumnNameID="CreatedBy" ADProcessNameID="" ADElementNameID="CreatedBy" ADReferenceNameID="Table" ADReferenceNameValueID="AD_User" ADTableNameID="SD_Delivery" ADValRuleNameID="" Callout="" ColumnSQL="" ColumnName="CreatedBy" DefaultValue="" Description="User who created this records" EntityType="pasta" FieldLength="10" Help="The Created By field indicates the user who created this record." isAlwaysUpdateable="false" isIdentifier="false" isKey="false" isMandatory="true" isParent="false" isSelectionColumn="false" isActive="true" isTranslated="false" isUpdateable="false" Name="Created By" getIsSyncDatabase="Y" ReadOnlyLogic="" SeqNo="0" VFormat="" ValueMax="" ValueMin="" Version="0" InfoFactoryClass=""/>
        <element AD_Element_ID="275" IsActive="true" ColumnName="Description" Description="Optional short description of the record" EntityType="D" Help="A description is limited to 255 characters." Name="Description" PrintName="Description" PO_Description="" PO_Name="" PO_Help="" PO_PrintName=""/>
        <reference AD_Reference_ID="10" name="String" Description="Character String" EntityType="D" Help="" Name="String" isActive="true" VFormat="" ValidationType="D"/>
        <column AD_Column_ID="80343" ADColumnNameID="Description" ADProcessNameID="" ADElementNameID="Description" ADReferenceNameID="String" ADReferenceNameValueID="" ADTableNameID="SD_Delivery" ADValRuleNameID="" Callout="" ColumnSQL="" ColumnName="Description" DefaultValue="" Description="Optional short description of the record" EntityType="pasta" FieldLength="255" Help="A description is limited to 255 characters." isAlwaysUpdateable="false" isIdentifier="false" isKey="false" isMandatory="false" isParent="false" isSelectionColumn="true" isActive="true" isTranslated="false" isUpdateable="true" Name="Description" getIsSyncDatabase="Y" ReadOnlyLogic="" SeqNo="0" VFormat="" ValueMax="" ValueMin="" Version="0" InfoFactoryClass=""/>
        <element AD_Element_ID="290" IsActive="true" ColumnName="DocumentNo" Description="Document sequence number of the document" EntityType="D" Help="The document number is usually automatically generated by the system and determined by the document type of the document. If the document is not saved, the preliminary number is displayed in &quot;&lt;&gt;&quot;.&#10;&#10;If the document type of your document has no automatic document sequence defined, the field is empty if you create a new document. This is for documents which usually have an external number (like vendor invoice).  If you leave the field empty, the system will generate a document number for you. The document sequence used for this fallback number is defined in the &quot;Maintain Sequence&quot; window with the name &quot;DocumentNo_&lt;TableName&gt;&quot;, where TableName is the actual name of the table (e.g. C_Order)." Name="Document No" PrintName="Document No" PO_Description="" PO_Name="" PO_Help="" PO_PrintName=""/>
        <column AD_Column_ID="80344" ADColumnNameID="DocumentNo" ADProcessNameID="" ADElementNameID="DocumentNo" ADReferenceNameID="String" ADReferenceNameValueID="" ADTableNameID="SD_Delivery" ADValRuleNameID="" Callout="" ColumnSQL="" ColumnName="DocumentNo" DefaultValue="" Description="Document sequence number of the document" EntityType="pasta" FieldLength="30" Help="The document number is usually automatically generated by the system and determined by the document type of the document. If the document is not saved, the preliminary number is displayed in &quot;&lt;&gt;&quot;.&#10;&#10;If the document type of your document has no automatic document sequence defined, the field is empty if you create a new document. This is for documents which usually have an external number (like vendor invoice).  If you leave the field empty, the system will generate a document number for you. The document sequence used for this fallback number is defined in the &quot;Maintain Sequence&quot; window with the name &quot;DocumentNo_&lt;TableName&gt;&quot;, where TableName is the actual name of the table (e.g. C_Order)." isAlwaysUpdateable="false" isIdentifier="false" isKey="false" isMandatory="true" isParent="false" isSelectionColumn="true" isActive="true" isTranslated="false" isUpdateable="true" Name="Document No" getIsSyncDatabase="Y" ReadOnlyLogic="" SeqNo="0" VFormat="" ValueMax="" ValueMin="" Version="0" InfoFactoryClass=""/>
        <element AD_Element_ID="348" IsActive="true" ColumnName="IsActive" Description="The record is active in the system" EntityType="D" Help="There are two methods of making records unavailable in the system: One is to delete the record, the other is to de-activate the record. A de-activated record is not available for selection, but available for reports.&#10;There are two reasons for de-activating and not deleting records:&#10;(1) The system requires the record for audit purposes.&#10;(2) The record is referenced by other records. E.g., you cannot delete a Business Partner, if there are invoices for this partner record existing. You de-activate the Business Partner and prevent that this record is used for future entries." Name="Active" PrintName="Active" PO_Description="" PO_Name="" PO_Help="" PO_PrintName=""/>
        <reference AD_Reference_ID="20" name="Yes-No" Description="CheckBox" EntityType="D" Help="" Name="Yes-No" isActive="true" VFormat="" ValidationType="D"/>
        <column AD_Column_ID="80345" ADColumnNameID="IsActive" ADProcessNameID="" ADElementNameID="IsActive" ADReferenceNameID="Yes-No" ADReferenceNameValueID="" ADTableNameID="SD_Delivery" ADValRuleNameID="" Callout="" ColumnSQL="" ColumnName="IsActive" DefaultValue="" Description="The record is active in the system" EntityType="pasta" FieldLength="1" Help="There are two methods of making records unavailable in the system: One is to delete the record, the other is to de-activate the record. A de-activated record is not available for selection, but available for reports.&#10;There are two reasons for de-activating and not deleting records:&#10;(1) The system requires the record for audit purposes.&#10;(2) The record is referenced by other records. E.g., you cannot delete a Business Partner, if there are invoices for this partner record existing. You de-activate the Business Partner and prevent that this record is used for future entries." isAlwaysUpdateable="false" isIdentifier="false" isKey="false" isMandatory="true" isParent="false" isSelectionColumn="false" isActive="true" isTranslated="false" isUpdateable="true" Name="Active" getIsSyncDatabase="Y" ReadOnlyLogic="" SeqNo="0" VFormat="" ValueMax="" ValueMin="" Version="0" InfoFactoryClass=""/>
        <element AD_Element_ID="1047" IsActive="true" ColumnName="Processed" Description="The document has been processed" EntityType="D" Help="The Processed checkbox indicates that a document has been processed." Name="Processed" PrintName="Processed" PO_Description="" PO_Name="" PO_Help="" PO_PrintName=""/>
        <column AD_Column_ID="80351" ADColumnNameID="Processed" ADProcessNameID="" ADElementNameID="Processed" ADReferenceNameID="Yes-No" ADReferenceNameValueID="" ADTableNameID="SD_Delivery" ADValRuleNameID="" Callout="" ColumnSQL="" ColumnName="Processed" DefaultValue="" Description="The document has been processed" EntityType="pasta" FieldLength="1" Help="The Processed checkbox indicates that a document has been processed." isAlwaysUpdateable="false" isIdentifier="false" isKey="false" isMandatory="true" isParent="false" isSelectionColumn="false" isActive="true" isTranslated="false" isUpdateable="true" Name="Processed" getIsSyncDatabase="Y" ReadOnlyLogic="" SeqNo="0" VFormat="" ValueMax="" ValueMin="" Version="0" InfoFactoryClass=""/>
        <element AD_Element_ID="607" IsActive="true" ColumnName="Updated" Description="Date this record was updated" EntityType="D" Help="The Updated field indicates the date that this record was updated." Name="Updated" PrintName="Updated" PO_Description="" PO_Name="" PO_Help="" PO_PrintName=""/>
        <column AD_Column_ID="80352" ADColumnNameID="Updated" ADProcessNameID="" ADElementNameID="Updated" ADReferenceNameID="Date+Time" ADReferenceNameValueID="" ADTableNameID="SD_Delivery" ADValRuleNameID="" Callout="" ColumnSQL="" ColumnName="Updated" DefaultValue="" Description="Date this record was updated" EntityType="pasta" FieldLength="29" Help="The Updated field indicates the date that this record was updated." isAlwaysUpdateable="false" isIdentifier="false" isKey="false" isMandatory="true" isParent="false" isSelectionColumn="false" isActive="true" isTranslated="false" isUpdateable="false" Name="Updated" getIsSyncDatabase="Y" ReadOnlyLogic="" SeqNo="0" VFormat="" ValueMax="" ValueMin="" Version="0" InfoFactoryClass=""/>
        <element AD_Element_ID="608" IsActive="true" ColumnName="UpdatedBy" Description="User who updated this records" EntityType="D" Help="The Updated By field indicates the user who updated this record." Name="Updated By" PrintName="Updated By" PO_Description="" PO_Name="" PO_Help="" PO_PrintName=""/>
        <column AD_Column_ID="80353" ADColumnNameID="UpdatedBy" ADProcessNameID="" ADElementNameID="UpdatedBy" ADReferenceNameID="Table" ADReferenceNameValueID="AD_User" ADTableNameID="SD_Delivery" ADValRuleNameID="" Callout="" ColumnSQL="" ColumnName="UpdatedBy" DefaultValue="" Description="User who updated this records" EntityType="pasta" FieldLength="10" Help="The Updated By field indicates the user who updated this record." isAlwaysUpdateable="false" isIdentifier="false" isKey="false" isMandatory="true" isParent="false" isSelectionColumn="false" isActive="true" isTranslated="false" isUpdateable="false" Name="Updated By" getIsSyncDatabase="Y" ReadOnlyLogic="" SeqNo="0" VFormat="" ValueMax="" ValueMin="" Version="0" InfoFactoryClass=""/>
        <element AD_Element_ID="264" IsActive="true" ColumnName="DateDelivered" Description="Date when the product was delivered" EntityType="D" Help="" Name="Date Delivered" PrintName="Date Delivered" PO_Description="" PO_Name="" PO_Help="" PO_PrintName=""/>
        <reference AD_Reference_ID="15" name="Date" Description="Date mm/dd/yyyy" EntityType="D" Help="" Name="Date" isActive="true" VFormat="" ValidationType="D"/>
        <column AD_Column_ID="80354" ADColumnNameID="DateDelivered" ADProcessNameID="" ADElementNameID="DateDelivered" ADReferenceNameID="Date" ADReferenceNameValueID="" ADTableNameID="SD_Delivery" ADValRuleNameID="" Callout="" ColumnSQL="" ColumnName="DateDelivered" DefaultValue="" Description="Date when the product was delivered" EntityType="pasta" FieldLength="7" Help="" isAlwaysUpdateable="false" isIdentifier="false" isKey="false" isMandatory="true" isParent="false" isSelectionColumn="false" isActive="true" isTranslated="false" isUpdateable="true" Name="Date Delivered" getIsSyncDatabase="Y" ReadOnlyLogic="" SeqNo="0" VFormat="" ValueMax="" ValueMin="" Version="0" InfoFactoryClass=""/>
        <element AD_Element_ID="455" IsActive="true" ColumnName="M_Shipper_ID" Description="Method or manner of product delivery" EntityType="D" Help="The Shipper indicates the method of delivering product" Name="Shipper" PrintName="Shipper" PO_Description="" PO_Name="" PO_Help="" PO_PrintName=""/>
        <column AD_Column_ID="80355" ADColumnNameID="M_Shipper_ID" ADProcessNameID="" ADElementNameID="M_Shipper_ID" ADReferenceNameID="Table Direct" ADReferenceNameValueID="" ADTableNameID="SD_Delivery" ADValRuleNameID="" Callout="" ColumnSQL="" ColumnName="M_Shipper_ID" DefaultValue="" Description="Method or manner of product delivery" EntityType="pasta" FieldLength="10" Help="The Shipper indicates the method of delivering product" isAlwaysUpdateable="false" isIdentifier="false" isKey="false" isMandatory="false" isParent="false" isSelectionColumn="false" isActive="true" isTranslated="false" isUpdateable="true" Name="Shipper" getIsSyncDatabase="Y" ReadOnlyLogic="" SeqNo="0" VFormat="" ValueMax="" ValueMin="" Version="0" InfoFactoryClass=""/>
    </table>
    <table AD_Table_ID="80014" Name="Delivery Line" ADTableNameID="SD_DeliveryLine" ADWindowNameID="" POWindowNameID="" ADValRuleNameID="" AccessLevel="3" Description="" EntityType="pasta" Help="" ImportTable="N" isChangeLog="false" isActive="true" isDeleteable="true" isHighVolume="false" isSecurityEnabled="false" isView="false" LoadSeq="" ReplicationType="L" TableName="SD_DeliveryLine">
        <element AD_Element_ID="80092" IsActive="true" ColumnName="SD_DeliveryLine_ID" Description="" EntityType="pasta" Help="" Name="Delivery Line" PrintName="Delivery Line" PO_Description="" PO_Name="" PO_Help="" PO_PrintName=""/>
        <column AD_Column_ID="80368" ADColumnNameID="SD_DeliveryLine_ID" ADProcessNameID="" ADElementNameID="SD_DeliveryLine_ID" ADReferenceNameID="ID" ADReferenceNameValueID="" ADTableNameID="SD_DeliveryLine" ADValRuleNameID="" Callout="" ColumnSQL="" ColumnName="SD_DeliveryLine_ID" DefaultValue="" Description="" EntityType="pasta" FieldLength="10" Help="" isAlwaysUpdateable="false" isIdentifier="false" isKey="true" isMandatory="true" isParent="false" isSelectionColumn="false" isActive="true" isTranslated="false" isUpdateable="false" Name="Delivery Line" getIsSyncDatabase="Y" ReadOnlyLogic="" SeqNo="0" VFormat="" ValueMax="" ValueMin="" Version="0" InfoFactoryClass=""/>
        <column AD_Column_ID="80357" ADColumnNameID="AD_Client_ID" ADProcessNameID="" ADElementNameID="AD_Client_ID" ADReferenceNameID="Table Direct" ADReferenceNameValueID="" ADTableNameID="SD_DeliveryLine" ADValRuleNameID="" Callout="" ColumnSQL="" ColumnName="AD_Client_ID" DefaultValue="" Description="Client/Tenant for this installation." EntityType="pasta" FieldLength="10" Help="A Client is a company or a legal entity. You cannot share data between Clients. Tenant is a synonym for Client." isAlwaysUpdateable="false" isIdentifier="false" isKey="false" isMandatory="true" isParent="false" isSelectionColumn="false" isActive="true" isTranslated="false" isUpdateable="false" Name="Client" getIsSyncDatabase="Y" ReadOnlyLogic="" SeqNo="0" VFormat="" ValueMax="" ValueMin="" Version="0" InfoFactoryClass=""/>
        <column AD_Column_ID="80358" ADColumnNameID="AD_Org_ID" ADProcessNameID="" ADElementNameID="AD_Org_ID" ADReferenceNameID="Table Direct" ADReferenceNameValueID="" ADTableNameID="SD_DeliveryLine" ADValRuleNameID="" Callout="" ColumnSQL="" ColumnName="AD_Org_ID" DefaultValue="" Description="Organizational entity within client" EntityType="pasta" FieldLength="10" Help="An organization is a unit of your client or legal entity - examples are store, department. You can share data between organizations." isAlwaysUpdateable="false" isIdentifier="false" isKey="false" isMandatory="false" isParent="false" isSelectionColumn="false" isActive="true" isTranslated="false" isUpdateable="false" Name="Organization" getIsSyncDatabase="Y" ReadOnlyLogic="" SeqNo="0" VFormat="" ValueMax="" ValueMin="" Version="0" InfoFactoryClass=""/>
        <column AD_Column_ID="80360" ADColumnNameID="Created" ADProcessNameID="" ADElementNameID="Created" ADReferenceNameID="Date+Time" ADReferenceNameValueID="" ADTableNameID="SD_DeliveryLine" ADValRuleNameID="" Callout="" ColumnSQL="" ColumnName="Created" DefaultValue="" Description="Date this record was created" EntityType="pasta" FieldLength="29" Help="The Created field indicates the date that this record was created." isAlwaysUpdateable="false" isIdentifier="false" isKey="false" isMandatory="true" isParent="false" isSelectionColumn="false" isActive="true" isTranslated="false" isUpdateable="false" Name="Created" getIsSyncDatabase="Y" ReadOnlyLogic="" SeqNo="0" VFormat="" ValueMax="" ValueMin="" Version="0" InfoFactoryClass=""/>
        <column AD_Column_ID="80361" ADColumnNameID="CreatedBy" ADProcessNameID="" ADElementNameID="CreatedBy" ADReferenceNameID="Table" ADReferenceNameValueID="AD_User" ADTableNameID="SD_DeliveryLine" ADValRuleNameID="" Callout="" ColumnSQL="" ColumnName="CreatedBy" DefaultValue="" Description="User who created this records" EntityType="pasta" FieldLength="10" Help="The Created By field indicates the user who created this record." isAlwaysUpdateable="false" isIdentifier="false" isKey="false" isMandatory="true" isParent="false" isSelectionColumn="false" isActive="true" isTranslated="false" isUpdateable="false" Name="Created By" getIsSyncDatabase="Y" ReadOnlyLogic="" SeqNo="0" VFormat="" ValueMax="" ValueMin="" Version="0" InfoFactoryClass=""/>
        <column AD_Column_ID="80363" ADColumnNameID="Description" ADProcessNameID="" ADElementNameID="Description" ADReferenceNameID="String" ADReferenceNameValueID="" ADTableNameID="SD_DeliveryLine" ADValRuleNameID="" Callout="" ColumnSQL="" ColumnName="Description" DefaultValue="" Description="Optional short description of the record" EntityType="pasta" FieldLength="255" Help="A description is limited to 255 characters." isAlwaysUpdateable="false" isIdentifier="false" isKey="false" isMandatory="false" isParent="false" isSelectionColumn="true" isActive="true" isTranslated="false" isUpdateable="true" Name="Description" getIsSyncDatabase="Y" ReadOnlyLogic="" SeqNo="0" VFormat="" ValueMax="" ValueMin="" Version="0" InfoFactoryClass=""/>
        <column AD_Column_ID="80365" ADColumnNameID="IsActive" ADProcessNameID="" ADElementNameID="IsActive" ADReferenceNameID="Yes-No" ADReferenceNameValueID="" ADTableNameID="SD_DeliveryLine" ADValRuleNameID="" Callout="" ColumnSQL="" ColumnName="IsActive" DefaultValue="" Description="The record is active in the system" EntityType="pasta" FieldLength="1" Help="There are two methods of making records unavailable in the system: One is to delete the record, the other is to de-activate the record. A de-activated record is not available for selection, but available for reports.&#10;There are two reasons for de-activating and not deleting records:&#10;(1) The system requires the record for audit purposes.&#10;(2) The record is referenced by other records. E.g., you cannot delete a Business Partner, if there are invoices for this partner record existing. You de-activate the Business Partner and prevent that this record is used for future entries." isAlwaysUpdateable="false" isIdentifier="false" isKey="false" isMandatory="true" isParent="false" isSelectionColumn="false" isActive="true" isTranslated="false" isUpdateable="true" Name="Active" getIsSyncDatabase="Y" ReadOnlyLogic="" SeqNo="0" VFormat="" ValueMax="" ValueMin="" Version="0" InfoFactoryClass=""/>
        <column AD_Column_ID="80369" ADColumnNameID="Updated" ADProcessNameID="" ADElementNameID="Updated" ADReferenceNameID="Date+Time" ADReferenceNameValueID="" ADTableNameID="SD_DeliveryLine" ADValRuleNameID="" Callout="" ColumnSQL="" ColumnName="Updated" DefaultValue="" Description="Date this record was updated" EntityType="pasta" FieldLength="29" Help="The Updated field indicates the date that this record was updated." isAlwaysUpdateable="false" isIdentifier="false" isKey="false" isMandatory="true" isParent="false" isSelectionColumn="false" isActive="true" isTranslated="false" isUpdateable="false" Name="Updated" getIsSyncDatabase="Y" ReadOnlyLogic="" SeqNo="0" VFormat="" ValueMax="" ValueMin="" Version="0" InfoFactoryClass=""/>
        <column AD_Column_ID="80370" ADColumnNameID="UpdatedBy" ADProcessNameID="" ADElementNameID="UpdatedBy" ADReferenceNameID="Table" ADReferenceNameValueID="AD_User" ADTableNameID="SD_DeliveryLine" ADValRuleNameID="" Callout="" ColumnSQL="" ColumnName="UpdatedBy" DefaultValue="" Description="User who updated this records" EntityType="pasta" FieldLength="10" Help="The Updated By field indicates the user who updated this record." isAlwaysUpdateable="false" isIdentifier="false" isKey="false" isMandatory="true" isParent="false" isSelectionColumn="false" isActive="true" isTranslated="false" isUpdateable="false" Name="Updated By" getIsSyncDatabase="Y" ReadOnlyLogic="" SeqNo="0" VFormat="" ValueMax="" ValueMin="" Version="0" InfoFactoryClass=""/>
        <element AD_Element_ID="80083" IsActive="true" ColumnName="MM_Package_ID" Description="" EntityType="pasta" Help="" Name="Package to Customer" PrintName="Package to Customer" PO_Description="" PO_Name="" PO_Help="" PO_PrintName=""/>
        <column AD_Column_ID="80371" ADColumnNameID="MM_Package_ID" ADProcessNameID="" ADElementNameID="MM_Package_ID" ADReferenceNameID="Table Direct" ADReferenceNameValueID="" ADTableNameID="SD_DeliveryLine" ADValRuleNameID="" Callout="" ColumnSQL="" ColumnName="MM_Package_ID" DefaultValue="" Description="" EntityType="pasta" FieldLength="10" Help="" isAlwaysUpdateable="false" isIdentifier="false" isKey="false" isMandatory="false" isParent="false" isSelectionColumn="false" isActive="true" isTranslated="false" isUpdateable="true" Name="Package to Customer" getIsSyncDatabase="Y" ReadOnlyLogic="" SeqNo="0" VFormat="" ValueMax="" ValueMin="" Version="0" InfoFactoryClass=""/>
        <column AD_Column_ID="80372" ADColumnNameID="SD_Delivery_ID" ADProcessNameID="" ADElementNameID="SD_Delivery_ID" ADReferenceNameID="Table Direct" ADReferenceNameValueID="" ADTableNameID="SD_DeliveryLine" ADValRuleNameID="" Callout="" ColumnSQL="" ColumnName="SD_Delivery_ID" DefaultValue="" Description="" EntityType="pasta" FieldLength="10" Help="" isAlwaysUpdateable="false" isIdentifier="false" isKey="false" isMandatory="false" isParent="true" isSelectionColumn="false" isActive="true" isTranslated="false" isUpdateable="false" Name="Delivery Transaction" getIsSyncDatabase="Y" ReadOnlyLogic="" SeqNo="0" VFormat="" ValueMax="" ValueMin="" Version="0" InfoFactoryClass=""/>
    </table>
</adempiereAD>
