<?xml version="1.0" encoding="ISO-8859-1"?>
<adempiereAD Name="GBV_PICKLIST" Version="1" CompVer="Release 3.3.0" DataBase="1" Description="D:\temp\" creator="pasuwatw@gmail.com" creatorcontact="pasuwatw@gmail.com" createddate="2014-01-27 23:23:17" updateddate="2014-01-27 23:23:17" PackOutVer="005">
    <window AD_Window_ID="80005" ADWindowNameID="GBV_&#3651;&#3610;&#3592;&#3633;&#3604;&#3586;&#3629;&#3591;" ADImageNameID="" ADColorNameID="" Description="" EntityType="pasta" Help="" isBetaFunctionality="false" isDefault="false" isSOTrx="true" isActive="true" Name="GBV_&#3651;&#3610;&#3592;&#3633;&#3604;&#3586;&#3629;&#3591;" isProcessing="false" WinHeight="" WinWidth="" WindowType="T">
        <table AD_Table_ID="80010" Name="Picklist" ADTableNameID="M_Picklist" ADWindowNameID="" POWindowNameID="" ADValRuleNameID="" AccessLevel="3" Description="" EntityType="pasta" Help="" ImportTable="N" isChangeLog="false" isActive="true" isDeleteable="true" isHighVolume="false" isSecurityEnabled="false" isView="false" LoadSeq="" ReplicationType="L" TableName="M_Picklist">
            <element AD_Element_ID="80076" IsActive="true" ColumnName="M_Picklist_ID" Description="" EntityType="pasta" Help="" Name="Picklist" PrintName="Picklist" PO_Description="" PO_Name="" PO_Help="" PO_PrintName=""/>
            <reference AD_Reference_ID="13" name="ID" Description="10 Digit Identifier" EntityType="D" Help="" Name="ID" isActive="true" VFormat="" ValidationType="D"/>
            <column AD_Column_ID="80262" ADColumnNameID="M_Picklist_ID" ADProcessNameID="" ADElementNameID="M_Picklist_ID" ADReferenceNameID="ID" ADReferenceNameValueID="" ADTableNameID="M_Picklist" ADValRuleNameID="" Callout="" ColumnSQL="" ColumnName="M_Picklist_ID" DefaultValue="" Description="" EntityType="pasta" FieldLength="10" Help="" isAlwaysUpdateable="false" isIdentifier="false" isKey="true" isMandatory="true" isParent="false" isSelectionColumn="false" isActive="true" isTranslated="false" isUpdateable="false" Name="Picklist" getIsSyncDatabase="Y" ReadOnlyLogic="" SeqNo="0" VFormat="" ValueMax="" ValueMin="" Version="0" InfoFactoryClass=""/>
            <element AD_Element_ID="113" IsActive="true" ColumnName="AD_Org_ID" Description="Organizational entity within client" EntityType="D" Help="An organization is a unit of your client or legal entity - examples are store, department. You can share data between organizations." Name="Organization" PrintName="Organization" PO_Description="" PO_Name="" PO_Help="" PO_PrintName=""/>
            <reference AD_Reference_ID="19" name="Table Direct" Description="Direct Table Access" EntityType="D" Help="" Name="Table Direct" isActive="true" VFormat="" ValidationType="D"/>
            <column AD_Column_ID="80261" ADColumnNameID="AD_Org_ID" ADProcessNameID="" ADElementNameID="AD_Org_ID" ADReferenceNameID="Table Direct" ADReferenceNameValueID="" ADTableNameID="M_Picklist" ADValRuleNameID="" Callout="" ColumnSQL="" ColumnName="AD_Org_ID" DefaultValue="" Description="Organizational entity within client" EntityType="pasta" FieldLength="10" Help="An organization is a unit of your client or legal entity - examples are store, department. You can share data between organizations." isAlwaysUpdateable="false" isIdentifier="false" isKey="false" isMandatory="false" isParent="false" isSelectionColumn="false" isActive="true" isTranslated="false" isUpdateable="true" Name="Organization" getIsSyncDatabase="Y" ReadOnlyLogic="" SeqNo="0" VFormat="" ValueMax="" ValueMin="" Version="0" InfoFactoryClass=""/>
            <element AD_Element_ID="102" IsActive="true" ColumnName="AD_Client_ID" Description="Client/Tenant for this installation." EntityType="D" Help="A Client is a company or a legal entity. You cannot share data between Clients. Tenant is a synonym for Client." Name="Client" PrintName="Client" PO_Description="" PO_Name="" PO_Help="" PO_PrintName=""/>
            <column AD_Column_ID="80263" ADColumnNameID="AD_Client_ID" ADProcessNameID="" ADElementNameID="AD_Client_ID" ADReferenceNameID="Table Direct" ADReferenceNameValueID="" ADTableNameID="M_Picklist" ADValRuleNameID="" Callout="" ColumnSQL="" ColumnName="AD_Client_ID" DefaultValue="" Description="Client/Tenant for this installation." EntityType="pasta" FieldLength="10" Help="A Client is a company or a legal entity. You cannot share data between Clients. Tenant is a synonym for Client." isAlwaysUpdateable="false" isIdentifier="false" isKey="false" isMandatory="true" isParent="false" isSelectionColumn="false" isActive="true" isTranslated="false" isUpdateable="false" Name="Client" getIsSyncDatabase="Y" ReadOnlyLogic="" SeqNo="0" VFormat="" ValueMax="" ValueMin="" Version="0" InfoFactoryClass=""/>
            <element AD_Element_ID="348" IsActive="true" ColumnName="IsActive" Description="The record is active in the system" EntityType="D" Help="There are two methods of making records unavailable in the system: One is to delete the record, the other is to de-activate the record. A de-activated record is not available for selection, but available for reports.&#10;There are two reasons for de-activating and not deleting records:&#10;(1) The system requires the record for audit purposes.&#10;(2) The record is referenced by other records. E.g., you cannot delete a Business Partner, if there are invoices for this partner record existing. You de-activate the Business Partner and prevent that this record is used for future entries." Name="Active" PrintName="Active" PO_Description="" PO_Name="" PO_Help="" PO_PrintName=""/>
            <reference AD_Reference_ID="20" name="Yes-No" Description="CheckBox" EntityType="D" Help="" Name="Yes-No" isActive="true" VFormat="" ValidationType="D"/>
            <column AD_Column_ID="80264" ADColumnNameID="IsActive" ADProcessNameID="" ADElementNameID="IsActive" ADReferenceNameID="Yes-No" ADReferenceNameValueID="" ADTableNameID="M_Picklist" ADValRuleNameID="" Callout="" ColumnSQL="" ColumnName="IsActive" DefaultValue="" Description="The record is active in the system" EntityType="pasta" FieldLength="1" Help="There are two methods of making records unavailable in the system: One is to delete the record, the other is to de-activate the record. A de-activated record is not available for selection, but available for reports.&#10;There are two reasons for de-activating and not deleting records:&#10;(1) The system requires the record for audit purposes.&#10;(2) The record is referenced by other records. E.g., you cannot delete a Business Partner, if there are invoices for this partner record existing. You de-activate the Business Partner and prevent that this record is used for future entries." isAlwaysUpdateable="false" isIdentifier="false" isKey="false" isMandatory="true" isParent="false" isSelectionColumn="false" isActive="true" isTranslated="false" isUpdateable="true" Name="Active" getIsSyncDatabase="Y" ReadOnlyLogic="" SeqNo="0" VFormat="" ValueMax="" ValueMin="" Version="0" InfoFactoryClass=""/>
            <element AD_Element_ID="245" IsActive="true" ColumnName="Created" Description="Date this record was created" EntityType="D" Help="The Created field indicates the date that this record was created." Name="Created" PrintName="Created" PO_Description="" PO_Name="" PO_Help="" PO_PrintName=""/>
            <reference AD_Reference_ID="16" name="Date+Time" Description="Date with time" EntityType="D" Help="" Name="Date+Time" isActive="true" VFormat="" ValidationType="D"/>
            <column AD_Column_ID="80265" ADColumnNameID="Created" ADProcessNameID="" ADElementNameID="Created" ADReferenceNameID="Date+Time" ADReferenceNameValueID="" ADTableNameID="M_Picklist" ADValRuleNameID="" Callout="" ColumnSQL="" ColumnName="Created" DefaultValue="" Description="Date this record was created" EntityType="pasta" FieldLength="29" Help="The Created field indicates the date that this record was created." isAlwaysUpdateable="false" isIdentifier="false" isKey="false" isMandatory="true" isParent="false" isSelectionColumn="false" isActive="true" isTranslated="false" isUpdateable="false" Name="Created" getIsSyncDatabase="Y" ReadOnlyLogic="" SeqNo="0" VFormat="" ValueMax="" ValueMin="" Version="0" InfoFactoryClass=""/>
            <element AD_Element_ID="246" IsActive="true" ColumnName="CreatedBy" Description="User who created this records" EntityType="D" Help="The Created By field indicates the user who created this record." Name="Created By" PrintName="Created By" PO_Description="" PO_Name="" PO_Help="" PO_PrintName=""/>
            <reference AD_Reference_ID="18" name="Table" Description="Table List" EntityType="D" Help="" Name="Table" isActive="true" VFormat="" ValidationType="D"/>
            <reference AD_Reference_ID="110" name="AD_User" Description="User selection" EntityType="D" Help="" Name="AD_User" isActive="true" VFormat="" ValidationType="T">
                <referencetable AD_Reference_ID="110" ADRefenceNameID="AD_User" ADTableNameID="AD_User" ADDisplay="Name" Key="AD_User_ID" EntityType="D" IsValueDisplayed="N" OrderByClause="AD_User.Name" isActive="Y" WhereClause=""/>
            </reference>
            <column AD_Column_ID="80266" ADColumnNameID="CreatedBy" ADProcessNameID="" ADElementNameID="CreatedBy" ADReferenceNameID="Table" ADReferenceNameValueID="AD_User" ADTableNameID="M_Picklist" ADValRuleNameID="" Callout="" ColumnSQL="" ColumnName="CreatedBy" DefaultValue="" Description="User who created this records" EntityType="pasta" FieldLength="10" Help="The Created By field indicates the user who created this record." isAlwaysUpdateable="false" isIdentifier="false" isKey="false" isMandatory="true" isParent="false" isSelectionColumn="false" isActive="true" isTranslated="false" isUpdateable="false" Name="Created By" getIsSyncDatabase="Y" ReadOnlyLogic="" SeqNo="0" VFormat="" ValueMax="" ValueMin="" Version="0" InfoFactoryClass=""/>
            <element AD_Element_ID="607" IsActive="true" ColumnName="Updated" Description="Date this record was updated" EntityType="D" Help="The Updated field indicates the date that this record was updated." Name="Updated" PrintName="Updated" PO_Description="" PO_Name="" PO_Help="" PO_PrintName=""/>
            <column AD_Column_ID="80267" ADColumnNameID="Updated" ADProcessNameID="" ADElementNameID="Updated" ADReferenceNameID="Date+Time" ADReferenceNameValueID="" ADTableNameID="M_Picklist" ADValRuleNameID="" Callout="" ColumnSQL="" ColumnName="Updated" DefaultValue="" Description="Date this record was updated" EntityType="pasta" FieldLength="29" Help="The Updated field indicates the date that this record was updated." isAlwaysUpdateable="false" isIdentifier="false" isKey="false" isMandatory="true" isParent="false" isSelectionColumn="false" isActive="true" isTranslated="false" isUpdateable="false" Name="Updated" getIsSyncDatabase="Y" ReadOnlyLogic="" SeqNo="0" VFormat="" ValueMax="" ValueMin="" Version="0" InfoFactoryClass=""/>
            <element AD_Element_ID="608" IsActive="true" ColumnName="UpdatedBy" Description="User who updated this records" EntityType="D" Help="The Updated By field indicates the user who updated this record." Name="Updated By" PrintName="Updated By" PO_Description="" PO_Name="" PO_Help="" PO_PrintName=""/>
            <column AD_Column_ID="80268" ADColumnNameID="UpdatedBy" ADProcessNameID="" ADElementNameID="UpdatedBy" ADReferenceNameID="Table" ADReferenceNameValueID="AD_User" ADTableNameID="M_Picklist" ADValRuleNameID="" Callout="" ColumnSQL="" ColumnName="UpdatedBy" DefaultValue="" Description="User who updated this records" EntityType="pasta" FieldLength="10" Help="The Updated By field indicates the user who updated this record." isAlwaysUpdateable="false" isIdentifier="false" isKey="false" isMandatory="true" isParent="false" isSelectionColumn="false" isActive="true" isTranslated="false" isUpdateable="false" Name="Updated By" getIsSyncDatabase="Y" ReadOnlyLogic="" SeqNo="0" VFormat="" ValueMax="" ValueMin="" Version="0" InfoFactoryClass=""/>
            <element AD_Element_ID="290" IsActive="true" ColumnName="DocumentNo" Description="Document sequence number of the document" EntityType="D" Help="The document number is usually automatically generated by the system and determined by the document type of the document. If the document is not saved, the preliminary number is displayed in &quot;&lt;&gt;&quot;.&#10;&#10;If the document type of your document has no automatic document sequence defined, the field is empty if you create a new document. This is for documents which usually have an external number (like vendor invoice).  If you leave the field empty, the system will generate a document number for you. The document sequence used for this fallback number is defined in the &quot;Maintain Sequence&quot; window with the name &quot;DocumentNo_&lt;TableName&gt;&quot;, where TableName is the actual name of the table (e.g. C_Order)." Name="Document No" PrintName="Document No" PO_Description="" PO_Name="" PO_Help="" PO_PrintName=""/>
            <reference AD_Reference_ID="10" name="String" Description="Character String" EntityType="D" Help="" Name="String" isActive="true" VFormat="" ValidationType="D"/>
            <column AD_Column_ID="80269" ADColumnNameID="DocumentNo" ADProcessNameID="" ADElementNameID="DocumentNo" ADReferenceNameID="String" ADReferenceNameValueID="" ADTableNameID="M_Picklist" ADValRuleNameID="" Callout="" ColumnSQL="" ColumnName="DocumentNo" DefaultValue="" Description="Document sequence number of the document" EntityType="pasta" FieldLength="30" Help="The document number is usually automatically generated by the system and determined by the document type of the document. If the document is not saved, the preliminary number is displayed in &quot;&lt;&gt;&quot;.&#10;&#10;If the document type of your document has no automatic document sequence defined, the field is empty if you create a new document. This is for documents which usually have an external number (like vendor invoice).  If you leave the field empty, the system will generate a document number for you. The document sequence used for this fallback number is defined in the &quot;Maintain Sequence&quot; window with the name &quot;DocumentNo_&lt;TableName&gt;&quot;, where TableName is the actual name of the table (e.g. C_Order)." isAlwaysUpdateable="false" isIdentifier="false" isKey="false" isMandatory="true" isParent="false" isSelectionColumn="true" isActive="true" isTranslated="false" isUpdateable="true" Name="Document No" getIsSyncDatabase="Y" ReadOnlyLogic="" SeqNo="0" VFormat="" ValueMax="" ValueMin="" Version="0" InfoFactoryClass=""/>
            <element AD_Element_ID="558" IsActive="true" ColumnName="C_Order_ID" Description="Order" EntityType="D" Help="The Order is a control document.  The  Order is complete when the quantity ordered is the same as the quantity shipped and invoiced.  When you close an order, unshipped (backordered) quantities are cancelled." Name="Order" PrintName="Order" PO_Description="Purchase Order" PO_Name="Purchase Order" PO_Help="The Purchase Order is a control document.  The Purchase Order is complete when the quantity ordered is the same as the quantity shipped and invoiced.  When you close an order, unshipped (backordered) quantities are cancelled." PO_PrintName="Purchase Order"/>
            <column AD_Column_ID="80270" ADColumnNameID="C_Order_ID" ADProcessNameID="" ADElementNameID="C_Order_ID" ADReferenceNameID="Table Direct" ADReferenceNameValueID="" ADTableNameID="M_Picklist" ADValRuleNameID="" Callout="" ColumnSQL="" ColumnName="C_Order_ID" DefaultValue="" Description="Order" EntityType="pasta" FieldLength="10" Help="The Order is a control document.  The  Order is complete when the quantity ordered is the same as the quantity shipped and invoiced.  When you close an order, unshipped (backordered) quantities are cancelled." isAlwaysUpdateable="false" isIdentifier="false" isKey="false" isMandatory="true" isParent="false" isSelectionColumn="false" isActive="true" isTranslated="false" isUpdateable="true" Name="Order" getIsSyncDatabase="Y" ReadOnlyLogic="" SeqNo="0" VFormat="" ValueMax="" ValueMin="" Version="0" InfoFactoryClass=""/>
            <element AD_Element_ID="80077" IsActive="true" ColumnName="PrintIt" Description="" EntityType="pasta" Help="" Name="Print It" PrintName="Print It" PO_Description="" PO_Name="" PO_Help="" PO_PrintName=""/>
            <reference AD_Reference_ID="28" name="Button" Description="Command Button - starts a process" EntityType="D" Help="" Name="Button" isActive="true" VFormat="" ValidationType="D"/>
            <column AD_Column_ID="80271" ADColumnNameID="PrintIt" ADProcessNameID="" ADElementNameID="PrintIt" ADReferenceNameID="Button" ADReferenceNameValueID="" ADTableNameID="M_Picklist" ADValRuleNameID="" Callout="" ColumnSQL="" ColumnName="PrintIt" DefaultValue="N" Description="" EntityType="pasta" FieldLength="1" Help="" isAlwaysUpdateable="false" isIdentifier="false" isKey="false" isMandatory="true" isParent="false" isSelectionColumn="false" isActive="false" isTranslated="false" isUpdateable="true" Name="Print It" getIsSyncDatabase="Y" ReadOnlyLogic="" SeqNo="0" VFormat="" ValueMax="" ValueMin="" Version="0" InfoFactoryClass=""/>
            <element AD_Element_ID="80078" IsActive="true" ColumnName="PrintBarcode" Description="" EntityType="pasta" Help="" Name="Print Barcode" PrintName="Print Barcode" PO_Description="" PO_Name="" PO_Help="" PO_PrintName=""/>
            <column AD_Column_ID="80272" ADColumnNameID="PrintBarcode" ADProcessNameID="" ADElementNameID="PrintBarcode" ADReferenceNameID="Button" ADReferenceNameValueID="" ADTableNameID="M_Picklist" ADValRuleNameID="" Callout="" ColumnSQL="" ColumnName="PrintBarcode" DefaultValue="N" Description="" EntityType="pasta" FieldLength="1" Help="" isAlwaysUpdateable="false" isIdentifier="false" isKey="false" isMandatory="true" isParent="false" isSelectionColumn="false" isActive="false" isTranslated="false" isUpdateable="true" Name="Print Barcode" getIsSyncDatabase="Y" ReadOnlyLogic="" SeqNo="0" VFormat="" ValueMax="" ValueMin="" Version="0" InfoFactoryClass=""/>
            <element AD_Element_ID="2117" IsActive="true" ColumnName="PickDate" Description="Date/Time when picked for Shipment" EntityType="D" Help="" Name="Pick Date" PrintName="Pick Date" PO_Description="" PO_Name="" PO_Help="" PO_PrintName=""/>
            <reference AD_Reference_ID="15" name="Date" Description="Date mm/dd/yyyy" EntityType="D" Help="" Name="Date" isActive="true" VFormat="" ValidationType="D"/>
            <column AD_Column_ID="80273" ADColumnNameID="PickDate" ADProcessNameID="" ADElementNameID="PickDate" ADReferenceNameID="Date" ADReferenceNameValueID="" ADTableNameID="M_Picklist" ADValRuleNameID="" Callout="" ColumnSQL="" ColumnName="PickDate" DefaultValue="" Description="Date/Time when picked for Shipment" EntityType="pasta" FieldLength="12" Help="" isAlwaysUpdateable="false" isIdentifier="false" isKey="false" isMandatory="true" isParent="false" isSelectionColumn="false" isActive="true" isTranslated="false" isUpdateable="true" Name="Pick Date" getIsSyncDatabase="Y" ReadOnlyLogic="" SeqNo="0" VFormat="" ValueMax="" ValueMin="" Version="0" InfoFactoryClass=""/>
            <element AD_Element_ID="275" IsActive="true" ColumnName="Description" Description="Optional short description of the record" EntityType="D" Help="A description is limited to 255 characters." Name="Description" PrintName="Description" PO_Description="" PO_Name="" PO_Help="" PO_PrintName=""/>
            <reference AD_Reference_ID="14" name="Text" Description="Character String up to 2000 characters" EntityType="D" Help="" Name="Text" isActive="true" VFormat="" ValidationType="D"/>
            <column AD_Column_ID="80292" ADColumnNameID="Description" ADProcessNameID="" ADElementNameID="Description" ADReferenceNameID="Text" ADReferenceNameValueID="" ADTableNameID="M_Picklist" ADValRuleNameID="" Callout="" ColumnSQL="" ColumnName="Description" DefaultValue="" Description="Optional short description of the record" EntityType="pasta" FieldLength="255" Help="A description is limited to 255 characters." isAlwaysUpdateable="false" isIdentifier="false" isKey="false" isMandatory="false" isParent="false" isSelectionColumn="false" isActive="true" isTranslated="false" isUpdateable="true" Name="Description" getIsSyncDatabase="Y" ReadOnlyLogic="" SeqNo="0" VFormat="" ValueMax="" ValueMin="" Version="0" InfoFactoryClass=""/>
            <element AD_Element_ID="1047" IsActive="true" ColumnName="Processed" Description="The document has been processed" EntityType="D" Help="The Processed checkbox indicates that a document has been processed." Name="Processed" PrintName="Processed" PO_Description="" PO_Name="" PO_Help="" PO_PrintName=""/>
            <column AD_Column_ID="80293" ADColumnNameID="Processed" ADProcessNameID="" ADElementNameID="Processed" ADReferenceNameID="Yes-No" ADReferenceNameValueID="" ADTableNameID="M_Picklist" ADValRuleNameID="" Callout="" ColumnSQL="" ColumnName="Processed" DefaultValue="N" Description="The document has been processed" EntityType="pasta" FieldLength="1" Help="The Processed checkbox indicates that a document has been processed." isAlwaysUpdateable="false" isIdentifier="false" isKey="false" isMandatory="true" isParent="false" isSelectionColumn="false" isActive="true" isTranslated="false" isUpdateable="true" Name="Processed" getIsSyncDatabase="Y" ReadOnlyLogic="" SeqNo="0" VFormat="" ValueMax="" ValueMin="" Version="0" InfoFactoryClass=""/>
            <element AD_Element_ID="80082" IsActive="true" ColumnName="PickBy" Description="" EntityType="pasta" Help="" Name="PickBy" PrintName="Pick By" PO_Description="" PO_Name="" PO_Help="" PO_PrintName=""/>
            <reference AD_Reference_ID="286" name="AD_User - Internal" Description="Employee or SalesRep" EntityType="D" Help="" Name="AD_User - Internal" isActive="true" VFormat="" ValidationType="T">
                <referencetable AD_Reference_ID="286" ADRefenceNameID="AD_User - Internal" ADTableNameID="AD_User" ADDisplay="Name" Key="AD_User_ID" EntityType="D" IsValueDisplayed="N" OrderByClause="" isActive="Y" WhereClause="EXISTS (SELECT * FROM C_BPartner bp WHERE AD_User.C_BPartner_ID=bp.C_BPartner_ID AND (bp.IsEmployee='Y' OR bp.IsSalesRep='Y'))"/>
            </reference>
            <column AD_Column_ID="80297" ADColumnNameID="PickBy" ADProcessNameID="" ADElementNameID="PickBy" ADReferenceNameID="Table" ADReferenceNameValueID="AD_User - Internal" ADTableNameID="M_Picklist" ADValRuleNameID="" Callout="" ColumnSQL="" ColumnName="PickBy" DefaultValue="" Description="" EntityType="pasta" FieldLength="10" Help="" isAlwaysUpdateable="false" isIdentifier="false" isKey="false" isMandatory="true" isParent="false" isSelectionColumn="false" isActive="true" isTranslated="false" isUpdateable="true" Name="PickBy" getIsSyncDatabase="Y" ReadOnlyLogic="" SeqNo="0" VFormat="" ValueMax="" ValueMin="" Version="0" InfoFactoryClass=""/>
        </table>
        <tab AD_Tab_ID="80012" Name="Pick List" ADColumnSortOrderNameID="" ADColumnSortYesNoNameID="" ADColumnNameID="" ADImageNameID="" ADProcessNameID="" ADTabNameID="Pick List" ADTableNameID="M_Picklist" ADWindowNameID="GBV_&#3651;&#3610;&#3592;&#3633;&#3604;&#3586;&#3629;&#3591;" IncludedTabNameID="" CommitWarning="" Description="" EntityType="pasta" isHasTree="false" Help="" isInfoTab="false" isReadOnly="false" isSingleRow="true" isSortTab="false" isActive="true" IsTranslationTab="false" OrderByClause="" isProcessing="false" SeqNo="10" TabLevel="0" WhereClause="" ReadOnlyLogic="" DisplayLogic="" isInsertRecord="true" isAdvancedTab="false" Syncfields="false">
            <field AD_Field_ID="80279" ADColumnNameID="AD_Client_ID" ADTableNameID="M_Picklist" ADFieldGroupNameID="" ADFieldNameID="Client" ADTabNameID="Pick List" ADWindowNameID="GBV_&#3651;&#3610;&#3592;&#3633;&#3604;&#3586;&#3629;&#3591;" EntityType="pasta" Name="Client" SameLine="false" isCentrallyMaintained="true" Displayed="true" isActive="true" isEncrypted="false" isFieldOnly="false" isHeading="false" isReadOnly="false" SeqNo="10" DisplayLength="10" Description="Client/Tenant for this installation." Help="A Client is a company or a legal entity. You cannot share data between Clients. Tenant is a synonym for Client." SortNo="0" DisplayLogic="" ObscureType="" InfoFactoryClass="" isMandatory="" DefaultValue="" PreferredWidth="0" HideInListView="false" ADReferenceNameID="" ADReferenceNameValueID="" ADValRuleNameID=""/>
            <field AD_Field_ID="80283" ADColumnNameID="AD_Org_ID" ADTableNameID="M_Picklist" ADFieldGroupNameID="" ADFieldNameID="Organization" ADTabNameID="Pick List" ADWindowNameID="GBV_&#3651;&#3610;&#3592;&#3633;&#3604;&#3586;&#3629;&#3591;" EntityType="pasta" Name="Organization" SameLine="true" isCentrallyMaintained="true" Displayed="true" isActive="true" isEncrypted="false" isFieldOnly="false" isHeading="false" isReadOnly="false" SeqNo="20" DisplayLength="10" Description="Organizational entity within client" Help="An organization is a unit of your client or legal entity - examples are store, department. You can share data between organizations." SortNo="0" DisplayLogic="" ObscureType="" InfoFactoryClass="" isMandatory="" DefaultValue="" PreferredWidth="0" HideInListView="false" ADReferenceNameID="" ADReferenceNameValueID="" ADValRuleNameID=""/>
            <field AD_Field_ID="80281" ADColumnNameID="DocumentNo" ADTableNameID="M_Picklist" ADFieldGroupNameID="" ADFieldNameID="Document No" ADTabNameID="Pick List" ADWindowNameID="GBV_&#3651;&#3610;&#3592;&#3633;&#3604;&#3586;&#3629;&#3591;" EntityType="pasta" Name="Document No" SameLine="false" isCentrallyMaintained="true" Displayed="true" isActive="true" isEncrypted="false" isFieldOnly="false" isHeading="false" isReadOnly="false" SeqNo="30" DisplayLength="30" Description="Document sequence number of the document" Help="The document number is usually automatically generated by the system and determined by the document type of the document. If the document is not saved, the preliminary number is displayed in &quot;&lt;&gt;&quot;.&#10;&#10;If the document type of your document has no automatic document sequence defined, the field is empty if you create a new document. This is for documents which usually have an external number (like vendor invoice).  If you leave the field empty, the system will generate a document number for you. The document sequence used for this fallback number is defined in the &quot;Maintain Sequence&quot; window with the name &quot;DocumentNo_&lt;TableName&gt;&quot;, where TableName is the actual name of the table (e.g. C_Order)." SortNo="0" DisplayLogic="" ObscureType="" InfoFactoryClass="" isMandatory="" DefaultValue="" PreferredWidth="0" HideInListView="false" ADReferenceNameID="" ADReferenceNameValueID="" ADValRuleNameID=""/>
            <field AD_Field_ID="80287" ADColumnNameID="Description" ADTableNameID="M_Picklist" ADFieldGroupNameID="" ADFieldNameID="Description" ADTabNameID="Pick List" ADWindowNameID="GBV_&#3651;&#3610;&#3592;&#3633;&#3604;&#3586;&#3629;&#3591;" EntityType="pasta" Name="Description" SameLine="false" isCentrallyMaintained="true" Displayed="true" isActive="true" isEncrypted="false" isFieldOnly="false" isHeading="false" isReadOnly="false" SeqNo="40" DisplayLength="255" Description="Optional short description of the record" Help="A description is limited to 255 characters." SortNo="0" DisplayLogic="" ObscureType="" InfoFactoryClass="" isMandatory="" DefaultValue="" PreferredWidth="0" HideInListView="false" ADReferenceNameID="" ADReferenceNameValueID="" ADValRuleNameID=""/>
            <field AD_Field_ID="80282" ADColumnNameID="C_Order_ID" ADTableNameID="M_Picklist" ADFieldGroupNameID="" ADFieldNameID="Sales Order" ADTabNameID="Pick List" ADWindowNameID="GBV_&#3651;&#3610;&#3592;&#3633;&#3604;&#3586;&#3629;&#3591;" EntityType="pasta" Name="Sales Order" SameLine="false" isCentrallyMaintained="false" Displayed="true" isActive="true" isEncrypted="false" isFieldOnly="false" isHeading="false" isReadOnly="false" SeqNo="50" DisplayLength="10" Description="Sales Order" Help="The Order is a control document.  The  Order is complete when the quantity ordered is the same as the quantity shipped and invoiced.  When you close an order, unshipped (backordered) quantities are cancelled." SortNo="0" DisplayLogic="" ObscureType="" InfoFactoryClass="" isMandatory="" DefaultValue="" PreferredWidth="0" HideInListView="false" ADReferenceNameID="" ADReferenceNameValueID="" ADValRuleNameID=""/>
            <field AD_Field_ID="80280" ADColumnNameID="PickDate" ADTableNameID="M_Picklist" ADFieldGroupNameID="" ADFieldNameID="Pick Date" ADTabNameID="Pick List" ADWindowNameID="GBV_&#3651;&#3610;&#3592;&#3633;&#3604;&#3586;&#3629;&#3591;" EntityType="pasta" Name="Pick Date" SameLine="false" isCentrallyMaintained="true" Displayed="true" isActive="true" isEncrypted="false" isFieldOnly="false" isHeading="false" isReadOnly="false" SeqNo="60" DisplayLength="12" Description="Pick Date" Help="The Document Date indicates the date the document was generated.  It may or may not be the same as the accounting date." SortNo="0" DisplayLogic="" ObscureType="" InfoFactoryClass="" isMandatory="" DefaultValue="" PreferredWidth="0" HideInListView="false" ADReferenceNameID="" ADReferenceNameValueID="" ADValRuleNameID=""/>
            <field AD_Field_ID="80305" ADColumnNameID="PickBy" ADTableNameID="M_Picklist" ADFieldGroupNameID="" ADFieldNameID="PickBy" ADTabNameID="Pick List" ADWindowNameID="GBV_&#3651;&#3610;&#3592;&#3633;&#3604;&#3586;&#3629;&#3591;" EntityType="pasta" Name="PickBy" SameLine="true" isCentrallyMaintained="true" Displayed="true" isActive="true" isEncrypted="false" isFieldOnly="false" isHeading="false" isReadOnly="false" SeqNo="70" DisplayLength="12" Description="" Help="" SortNo="0" DisplayLogic="" ObscureType="" InfoFactoryClass="" isMandatory="" DefaultValue="" PreferredWidth="0" HideInListView="false" ADReferenceNameID="" ADReferenceNameValueID="" ADValRuleNameID=""/>
            <field AD_Field_ID="80278" ADColumnNameID="IsActive" ADTableNameID="M_Picklist" ADFieldGroupNameID="" ADFieldNameID="Active" ADTabNameID="Pick List" ADWindowNameID="GBV_&#3651;&#3610;&#3592;&#3633;&#3604;&#3586;&#3629;&#3591;" EntityType="pasta" Name="Active" SameLine="false" isCentrallyMaintained="true" Displayed="true" isActive="true" isEncrypted="false" isFieldOnly="false" isHeading="false" isReadOnly="true" SeqNo="80" DisplayLength="1" Description="The record is active in the system" Help="There are two methods of making records unavailable in the system: One is to delete the record, the other is to de-activate the record. A de-activated record is not available for selection, but available for reports.&#10;There are two reasons for de-activating and not deleting records:&#10;(1) The system requires the record for audit purposes.&#10;(2) The record is referenced by other records. E.g., you cannot delete a Business Partner, if there are invoices for this partner record existing. You de-activate the Business Partner and prevent that this record is used for future entries." SortNo="0" DisplayLogic="" ObscureType="" InfoFactoryClass="" isMandatory="" DefaultValue="" PreferredWidth="0" HideInListView="false" ADReferenceNameID="" ADReferenceNameValueID="" ADValRuleNameID=""/>
            <field AD_Field_ID="80286" ADColumnNameID="PrintIt" ADTableNameID="M_Picklist" ADFieldGroupNameID="" ADFieldNameID="&#3614;&#3636;&#3617;&#3614;&#3660;&#3651;&#3610;&#3592;&#3633;&#3604;&#3586;&#3629;&#3591;" ADTabNameID="Pick List" ADWindowNameID="GBV_&#3651;&#3610;&#3592;&#3633;&#3604;&#3586;&#3629;&#3591;" EntityType="pasta" Name="&#3614;&#3636;&#3617;&#3614;&#3660;&#3651;&#3610;&#3592;&#3633;&#3604;&#3586;&#3629;&#3591;" SameLine="false" isCentrallyMaintained="false" Displayed="true" isActive="true" isEncrypted="false" isFieldOnly="false" isHeading="false" isReadOnly="false" SeqNo="90" DisplayLength="1" Description="" Help="" SortNo="0" DisplayLogic="" ObscureType="" InfoFactoryClass="" isMandatory="" DefaultValue="" PreferredWidth="0" HideInListView="true" ADReferenceNameID="" ADReferenceNameValueID="" ADValRuleNameID=""/>
            <field AD_Field_ID="80285" ADColumnNameID="PrintBarcode" ADTableNameID="M_Picklist" ADFieldGroupNameID="" ADFieldNameID="&#3614;&#3636;&#3617;&#3614;&#3660; Barcode &#3649;&#3611;&#3632;&#3585;&#3621;&#3656;&#3629;&#3591;" ADTabNameID="Pick List" ADWindowNameID="GBV_&#3651;&#3610;&#3592;&#3633;&#3604;&#3586;&#3629;&#3591;" EntityType="pasta" Name="&#3614;&#3636;&#3617;&#3614;&#3660; Barcode &#3649;&#3611;&#3632;&#3585;&#3621;&#3656;&#3629;&#3591;" SameLine="true" isCentrallyMaintained="true" Displayed="true" isActive="true" isEncrypted="false" isFieldOnly="false" isHeading="false" isReadOnly="false" SeqNo="100" DisplayLength="1" Description="" Help="" SortNo="0" DisplayLogic="" ObscureType="" InfoFactoryClass="" isMandatory="" DefaultValue="" PreferredWidth="0" HideInListView="true" ADReferenceNameID="" ADReferenceNameValueID="" ADValRuleNameID=""/>
            <field AD_Field_ID="80284" ADColumnNameID="M_Picklist_ID" ADTableNameID="M_Picklist" ADFieldGroupNameID="" ADFieldNameID="Picklist" ADTabNameID="Pick List" ADWindowNameID="GBV_&#3651;&#3610;&#3592;&#3633;&#3604;&#3586;&#3629;&#3591;" ADIncludeTabNameID="Picklist Line" EntityType="pasta" Name="Picklist" SameLine="false" isCentrallyMaintained="true" Displayed="true" isActive="true" isEncrypted="false" isFieldOnly="false" isHeading="false" isReadOnly="false" SeqNo="110" DisplayLength="10" Description="" Help="" SortNo="0" DisplayLogic="" ObscureType="" InfoFactoryClass="" isMandatory="" DefaultValue="" PreferredWidth="0" HideInListView="false" ADReferenceNameID="" ADReferenceNameValueID="" ADValRuleNameID=""/>
        </tab>
        <table AD_Table_ID="80011" Name="Picklist Line" ADTableNameID="M_PicklistLine" ADWindowNameID="" POWindowNameID="" ADValRuleNameID="" AccessLevel="3" Description="" EntityType="pasta" Help="" ImportTable="N" isChangeLog="false" isActive="true" isDeleteable="true" isHighVolume="false" isSecurityEnabled="false" isView="false" LoadSeq="" ReplicationType="L" TableName="M_PicklistLine">
            <element AD_Element_ID="80079" IsActive="true" ColumnName="M_PicklistLine_ID" Description="" EntityType="pasta" Help="" Name="Picklist Line" PrintName="Picklist Line" PO_Description="" PO_Name="" PO_Help="" PO_PrintName=""/>
            <column AD_Column_ID="80274" ADColumnNameID="M_PicklistLine_ID" ADProcessNameID="" ADElementNameID="M_PicklistLine_ID" ADReferenceNameID="ID" ADReferenceNameValueID="" ADTableNameID="M_PicklistLine" ADValRuleNameID="" Callout="" ColumnSQL="" ColumnName="M_PicklistLine_ID" DefaultValue="" Description="" EntityType="pasta" FieldLength="10" Help="" isAlwaysUpdateable="false" isIdentifier="false" isKey="true" isMandatory="true" isParent="false" isSelectionColumn="false" isActive="true" isTranslated="false" isUpdateable="false" Name="Picklist Line" getIsSyncDatabase="Y" ReadOnlyLogic="" SeqNo="0" VFormat="" ValueMax="" ValueMin="" Version="0" InfoFactoryClass=""/>
            <column AD_Column_ID="80275" ADColumnNameID="M_Picklist_ID" ADProcessNameID="" ADElementNameID="M_Picklist_ID" ADReferenceNameID="Table Direct" ADReferenceNameValueID="" ADTableNameID="M_PicklistLine" ADValRuleNameID="" Callout="" ColumnSQL="" ColumnName="M_Picklist_ID" DefaultValue="" Description="" EntityType="pasta" FieldLength="10" Help="" isAlwaysUpdateable="false" isIdentifier="false" isKey="false" isMandatory="true" isParent="true" isSelectionColumn="false" isActive="true" isTranslated="false" isUpdateable="false" Name="Picklist" getIsSyncDatabase="Y" ReadOnlyLogic="" SeqNo="0" VFormat="" ValueMax="" ValueMin="" Version="0" InfoFactoryClass=""/>
            <column AD_Column_ID="80276" ADColumnNameID="AD_Client_ID" ADProcessNameID="" ADElementNameID="AD_Client_ID" ADReferenceNameID="Table Direct" ADReferenceNameValueID="" ADTableNameID="M_PicklistLine" ADValRuleNameID="" Callout="" ColumnSQL="" ColumnName="AD_Client_ID" DefaultValue="" Description="Client/Tenant for this installation." EntityType="pasta" FieldLength="10" Help="A Client is a company or a legal entity. You cannot share data between Clients. Tenant is a synonym for Client." isAlwaysUpdateable="false" isIdentifier="false" isKey="false" isMandatory="true" isParent="false" isSelectionColumn="false" isActive="true" isTranslated="false" isUpdateable="false" Name="Client" getIsSyncDatabase="Y" ReadOnlyLogic="" SeqNo="0" VFormat="" ValueMax="" ValueMin="" Version="0" InfoFactoryClass=""/>
            <column AD_Column_ID="80277" ADColumnNameID="AD_Org_ID" ADProcessNameID="" ADElementNameID="AD_Org_ID" ADReferenceNameID="Table Direct" ADReferenceNameValueID="" ADTableNameID="M_PicklistLine" ADValRuleNameID="" Callout="" ColumnSQL="" ColumnName="AD_Org_ID" DefaultValue="" Description="Organizational entity within client" EntityType="pasta" FieldLength="10" Help="An organization is a unit of your client or legal entity - examples are store, department. You can share data between organizations." isAlwaysUpdateable="false" isIdentifier="false" isKey="false" isMandatory="true" isParent="false" isSelectionColumn="false" isActive="true" isTranslated="false" isUpdateable="false" Name="Organization" getIsSyncDatabase="Y" ReadOnlyLogic="" SeqNo="0" VFormat="" ValueMax="" ValueMin="" Version="0" InfoFactoryClass=""/>
            <column AD_Column_ID="80278" ADColumnNameID="IsActive" ADProcessNameID="" ADElementNameID="IsActive" ADReferenceNameID="Yes-No" ADReferenceNameValueID="" ADTableNameID="M_PicklistLine" ADValRuleNameID="" Callout="" ColumnSQL="" ColumnName="IsActive" DefaultValue="" Description="The record is active in the system" EntityType="pasta" FieldLength="1" Help="There are two methods of making records unavailable in the system: One is to delete the record, the other is to de-activate the record. A de-activated record is not available for selection, but available for reports.&#10;There are two reasons for de-activating and not deleting records:&#10;(1) The system requires the record for audit purposes.&#10;(2) The record is referenced by other records. E.g., you cannot delete a Business Partner, if there are invoices for this partner record existing. You de-activate the Business Partner and prevent that this record is used for future entries." isAlwaysUpdateable="false" isIdentifier="false" isKey="false" isMandatory="true" isParent="false" isSelectionColumn="false" isActive="true" isTranslated="false" isUpdateable="true" Name="Active" getIsSyncDatabase="Y" ReadOnlyLogic="" SeqNo="0" VFormat="" ValueMax="" ValueMin="" Version="0" InfoFactoryClass=""/>
            <column AD_Column_ID="80279" ADColumnNameID="Created" ADProcessNameID="" ADElementNameID="Created" ADReferenceNameID="Date+Time" ADReferenceNameValueID="" ADTableNameID="M_PicklistLine" ADValRuleNameID="" Callout="" ColumnSQL="" ColumnName="Created" DefaultValue="" Description="Date this record was created" EntityType="pasta" FieldLength="29" Help="The Created field indicates the date that this record was created." isAlwaysUpdateable="false" isIdentifier="false" isKey="false" isMandatory="true" isParent="false" isSelectionColumn="false" isActive="true" isTranslated="false" isUpdateable="false" Name="Created" getIsSyncDatabase="Y" ReadOnlyLogic="" SeqNo="0" VFormat="" ValueMax="" ValueMin="" Version="0" InfoFactoryClass=""/>
            <column AD_Column_ID="80280" ADColumnNameID="CreatedBy" ADProcessNameID="" ADElementNameID="CreatedBy" ADReferenceNameID="Table" ADReferenceNameValueID="AD_User" ADTableNameID="M_PicklistLine" ADValRuleNameID="" Callout="" ColumnSQL="" ColumnName="CreatedBy" DefaultValue="" Description="User who created this records" EntityType="pasta" FieldLength="10" Help="The Created By field indicates the user who created this record." isAlwaysUpdateable="false" isIdentifier="false" isKey="false" isMandatory="true" isParent="false" isSelectionColumn="false" isActive="true" isTranslated="false" isUpdateable="false" Name="Created By" getIsSyncDatabase="Y" ReadOnlyLogic="" SeqNo="0" VFormat="" ValueMax="" ValueMin="" Version="0" InfoFactoryClass=""/>
            <column AD_Column_ID="80281" ADColumnNameID="Updated" ADProcessNameID="" ADElementNameID="Updated" ADReferenceNameID="Date+Time" ADReferenceNameValueID="" ADTableNameID="M_PicklistLine" ADValRuleNameID="" Callout="" ColumnSQL="" ColumnName="Updated" DefaultValue="" Description="Date this record was updated" EntityType="pasta" FieldLength="29" Help="The Updated field indicates the date that this record was updated." isAlwaysUpdateable="false" isIdentifier="false" isKey="false" isMandatory="true" isParent="false" isSelectionColumn="false" isActive="true" isTranslated="false" isUpdateable="false" Name="Updated" getIsSyncDatabase="Y" ReadOnlyLogic="" SeqNo="0" VFormat="" ValueMax="" ValueMin="" Version="0" InfoFactoryClass=""/>
            <column AD_Column_ID="80282" ADColumnNameID="UpdatedBy" ADProcessNameID="" ADElementNameID="UpdatedBy" ADReferenceNameID="Table" ADReferenceNameValueID="AD_User" ADTableNameID="M_PicklistLine" ADValRuleNameID="" Callout="" ColumnSQL="" ColumnName="UpdatedBy" DefaultValue="" Description="User who updated this records" EntityType="pasta" FieldLength="10" Help="The Updated By field indicates the user who updated this record." isAlwaysUpdateable="false" isIdentifier="false" isKey="false" isMandatory="true" isParent="false" isSelectionColumn="false" isActive="true" isTranslated="false" isUpdateable="false" Name="Updated By" getIsSyncDatabase="Y" ReadOnlyLogic="" SeqNo="0" VFormat="" ValueMax="" ValueMin="" Version="0" InfoFactoryClass=""/>
            <element AD_Element_ID="439" IsActive="true" ColumnName="Line" Description="Unique line for this document" EntityType="D" Help="Indicates the unique line for a document.  It will also control the display order of the lines within a document." Name="Line No" PrintName="Line No" PO_Description="" PO_Name="" PO_Help="" PO_PrintName=""/>
            <reference AD_Reference_ID="11" name="Integer" Description="10 Digit numeric" EntityType="D" Help="" Name="Integer" isActive="true" VFormat="" ValidationType="D"/>
            <column AD_Column_ID="80283" ADColumnNameID="Line" ADProcessNameID="" ADElementNameID="Line" ADReferenceNameID="Integer" ADReferenceNameValueID="" ADTableNameID="M_PicklistLine" ADValRuleNameID="" Callout="" ColumnSQL="" ColumnName="Line" DefaultValue="" Description="Unique line for this document" EntityType="pasta" FieldLength="10" Help="Indicates the unique line for a document.  It will also control the display order of the lines within a document." isAlwaysUpdateable="false" isIdentifier="false" isKey="false" isMandatory="true" isParent="false" isSelectionColumn="false" isActive="true" isTranslated="false" isUpdateable="true" Name="Line No" getIsSyncDatabase="Y" ReadOnlyLogic="" SeqNo="0" VFormat="" ValueMax="" ValueMin="" Version="0" InfoFactoryClass=""/>
            <element AD_Element_ID="561" IsActive="true" ColumnName="C_OrderLine_ID" Description="Sales Order Line" EntityType="D" Help="The Sales Order Line is a unique identifier for a line in an order." Name="Sales Order Line" PrintName="Order Line" PO_Description="Purchase Order Line" PO_Name="Purchase Order Line" PO_Help="The Purchase Order Line is a unique identifier for a line in an order." PO_PrintName="Order Line"/>
            <column AD_Column_ID="80284" ADColumnNameID="C_OrderLine_ID" ADProcessNameID="" ADElementNameID="C_OrderLine_ID" ADReferenceNameID="Table Direct" ADReferenceNameValueID="" ADTableNameID="M_PicklistLine" ADValRuleNameID="" Callout="" ColumnSQL="" ColumnName="C_OrderLine_ID" DefaultValue="" Description="Sales Order Line" EntityType="pasta" FieldLength="10" Help="The Sales Order Line is a unique identifier for a line in an order." isAlwaysUpdateable="false" isIdentifier="false" isKey="false" isMandatory="true" isParent="false" isSelectionColumn="false" isActive="true" isTranslated="false" isUpdateable="true" Name="Sales Order Line" getIsSyncDatabase="Y" ReadOnlyLogic="" SeqNo="0" VFormat="" ValueMax="" ValueMin="" Version="0" InfoFactoryClass=""/>
            <element AD_Element_ID="454" IsActive="true" ColumnName="M_Product_ID" Description="Product, Service, Item" EntityType="D" Help="Identifies an item which is either purchased or sold in this organization." Name="Product" PrintName="Product" PO_Description="" PO_Name="" PO_Help="" PO_PrintName=""/>
            <column AD_Column_ID="80285" ADColumnNameID="M_Product_ID" ADProcessNameID="" ADElementNameID="M_Product_ID" ADReferenceNameID="Table Direct" ADReferenceNameValueID="" ADTableNameID="M_PicklistLine" ADValRuleNameID="" Callout="" ColumnSQL="" ColumnName="M_Product_ID" DefaultValue="" Description="Product, Service, Item" EntityType="pasta" FieldLength="10" Help="Identifies an item which is either purchased or sold in this organization." isAlwaysUpdateable="false" isIdentifier="false" isKey="false" isMandatory="true" isParent="false" isSelectionColumn="false" isActive="true" isTranslated="false" isUpdateable="true" Name="Product" getIsSyncDatabase="Y" ReadOnlyLogic="" SeqNo="0" VFormat="" ValueMax="" ValueMin="" Version="0" InfoFactoryClass=""/>
            <element AD_Element_ID="459" IsActive="true" ColumnName="M_Warehouse_ID" Description="Storage Warehouse and Service Point" EntityType="D" Help="The Warehouse identifies a unique Warehouse where products are stored or Services are provided." Name="Warehouse" PrintName="Warehouse" PO_Description="" PO_Name="" PO_Help="" PO_PrintName=""/>
            <column AD_Column_ID="80286" ADColumnNameID="M_Warehouse_ID" ADProcessNameID="" ADElementNameID="M_Warehouse_ID" ADReferenceNameID="Table Direct" ADReferenceNameValueID="" ADTableNameID="M_PicklistLine" ADValRuleNameID="" Callout="" ColumnSQL="" ColumnName="M_Warehouse_ID" DefaultValue="" Description="Storage Warehouse and Service Point" EntityType="pasta" FieldLength="10" Help="The Warehouse identifies a unique Warehouse where products are stored or Services are provided." isAlwaysUpdateable="false" isIdentifier="false" isKey="false" isMandatory="false" isParent="false" isSelectionColumn="false" isActive="true" isTranslated="false" isUpdateable="true" Name="Warehouse" getIsSyncDatabase="Y" ReadOnlyLogic="" SeqNo="0" VFormat="" ValueMax="" ValueMin="" Version="0" InfoFactoryClass=""/>
            <element AD_Element_ID="526" IsActive="true" ColumnName="Qty" Description="Quantity" EntityType="D" Help="The Quantity indicates the number of a specific product or item for this document." Name="Quantity" PrintName="Qty" PO_Description="" PO_Name="" PO_Help="" PO_PrintName=""/>
            <reference AD_Reference_ID="29" name="Quantity" Description="Quantity data type" EntityType="D" Help="" Name="Quantity" isActive="true" VFormat="" ValidationType="D"/>
            <column AD_Column_ID="80288" ADColumnNameID="Qty" ADProcessNameID="" ADElementNameID="Qty" ADReferenceNameID="Quantity" ADReferenceNameValueID="" ADTableNameID="M_PicklistLine" ADValRuleNameID="" Callout="" ColumnSQL="" ColumnName="Qty" DefaultValue="" Description="Quantity" EntityType="pasta" FieldLength="10" Help="The Quantity indicates the number of a specific product or item for this document." isAlwaysUpdateable="false" isIdentifier="false" isKey="false" isMandatory="true" isParent="false" isSelectionColumn="false" isActive="true" isTranslated="false" isUpdateable="true" Name="Quantity" getIsSyncDatabase="Y" ReadOnlyLogic="" SeqNo="0" VFormat="" ValueMax="" ValueMin="" Version="0" InfoFactoryClass=""/>
            <element AD_Element_ID="215" IsActive="true" ColumnName="C_UOM_ID" Description="Unit of Measure" EntityType="D" Help="The UOM defines a unique non monetary Unit of Measure" Name="UOM" PrintName="UOM" PO_Description="" PO_Name="" PO_Help="" PO_PrintName=""/>
            <column AD_Column_ID="80289" ADColumnNameID="C_UOM_ID" ADProcessNameID="" ADElementNameID="C_UOM_ID" ADReferenceNameID="Table Direct" ADReferenceNameValueID="" ADTableNameID="M_PicklistLine" ADValRuleNameID="" Callout="" ColumnSQL="" ColumnName="C_UOM_ID" DefaultValue="" Description="Unit of Measure" EntityType="pasta" FieldLength="10" Help="The UOM defines a unique non monetary Unit of Measure" isAlwaysUpdateable="false" isIdentifier="false" isKey="false" isMandatory="false" isParent="false" isSelectionColumn="false" isActive="true" isTranslated="false" isUpdateable="true" Name="UOM" getIsSyncDatabase="Y" ReadOnlyLogic="" SeqNo="0" VFormat="" ValueMax="" ValueMin="" Version="0" InfoFactoryClass=""/>
            <element AD_Element_ID="448" IsActive="true" ColumnName="M_Locator_ID" Description="Warehouse Locator" EntityType="D" Help="The Locator indicates where in a Warehouse a product is located." Name="Locator" PrintName="Locator" PO_Description="" PO_Name="" PO_Help="" PO_PrintName=""/>
            <column AD_Column_ID="80291" ADColumnNameID="M_Locator_ID" ADProcessNameID="" ADElementNameID="M_Locator_ID" ADReferenceNameID="Table Direct" ADReferenceNameValueID="" ADTableNameID="M_PicklistLine" ADValRuleNameID="" Callout="" ColumnSQL="" ColumnName="M_Locator_ID" DefaultValue="" Description="Warehouse Locator" EntityType="pasta" FieldLength="10" Help="The Locator indicates where in a Warehouse a product is located." isAlwaysUpdateable="false" isIdentifier="false" isKey="false" isMandatory="false" isParent="false" isSelectionColumn="false" isActive="true" isTranslated="false" isUpdateable="true" Name="Locator" getIsSyncDatabase="Y" ReadOnlyLogic="" SeqNo="0" VFormat="" ValueMax="" ValueMin="" Version="0" InfoFactoryClass=""/>
            <element AD_Element_ID="80012" IsActive="true" ColumnName="Remarks" Description="" EntityType="U" Help="" Name="Remark" PrintName="Remark" PO_Description="" PO_Name="" PO_Help="" PO_PrintName=""/>
            <column AD_Column_ID="80296" ADColumnNameID="Remarks" ADProcessNameID="" ADElementNameID="Remarks" ADReferenceNameID="String" ADReferenceNameValueID="" ADTableNameID="M_PicklistLine" ADValRuleNameID="" Callout="" ColumnSQL="" ColumnName="Remarks" DefaultValue="" Description="" EntityType="pasta" FieldLength="100" Help="" isAlwaysUpdateable="false" isIdentifier="false" isKey="false" isMandatory="false" isParent="false" isSelectionColumn="false" isActive="true" isTranslated="false" isUpdateable="true" Name="Remark" getIsSyncDatabase="Y" ReadOnlyLogic="" SeqNo="0" VFormat="" ValueMax="" ValueMin="" Version="0" InfoFactoryClass=""/>
        </table>
        <tab AD_Tab_ID="80013" Name="Picklist Line" ADColumnSortOrderNameID="" ADColumnSortYesNoNameID="" ADColumnNameID="" ADImageNameID="" ADProcessNameID="" ADTabNameID="Picklist Line" ADTableNameID="M_PicklistLine" ADWindowNameID="GBV_&#3651;&#3610;&#3592;&#3633;&#3604;&#3586;&#3629;&#3591;" IncludedTabNameID="" CommitWarning="" Description="" EntityType="pasta" isHasTree="false" Help="" isInfoTab="false" isReadOnly="false" isSingleRow="false" isSortTab="false" isActive="true" IsTranslationTab="false" OrderByClause="" isProcessing="false" SeqNo="20" TabLevel="1" WhereClause="" ReadOnlyLogic="" DisplayLogic="" isInsertRecord="true" isAdvancedTab="false" Syncfields="false">
            <field AD_Field_ID="80288" ADColumnNameID="IsActive" ADTableNameID="M_PicklistLine" ADFieldGroupNameID="" ADFieldNameID="Active" ADTabNameID="Picklist Line" ADWindowNameID="GBV_&#3651;&#3610;&#3592;&#3633;&#3604;&#3586;&#3629;&#3591;" EntityType="pasta" Name="Active" SameLine="false" isCentrallyMaintained="true" Displayed="false" isActive="true" isEncrypted="false" isFieldOnly="false" isHeading="false" isReadOnly="false" SeqNo="0" DisplayLength="1" Description="The record is active in the system" Help="There are two methods of making records unavailable in the system: One is to delete the record, the other is to de-activate the record. A de-activated record is not available for selection, but available for reports.&#10;There are two reasons for de-activating and not deleting records:&#10;(1) The system requires the record for audit purposes.&#10;(2) The record is referenced by other records. E.g., you cannot delete a Business Partner, if there are invoices for this partner record existing. You de-activate the Business Partner and prevent that this record is used for future entries." SortNo="0" DisplayLogic="" ObscureType="" InfoFactoryClass="" isMandatory="" DefaultValue="" PreferredWidth="0" HideInListView="false" ADReferenceNameID="" ADReferenceNameValueID="" ADValRuleNameID=""/>
            <field AD_Field_ID="80294" ADColumnNameID="M_Picklist_ID" ADTableNameID="M_PicklistLine" ADFieldGroupNameID="" ADFieldNameID="Picklist" ADTabNameID="Picklist Line" ADWindowNameID="GBV_&#3651;&#3610;&#3592;&#3633;&#3604;&#3586;&#3629;&#3591;" EntityType="pasta" Name="Picklist" SameLine="false" isCentrallyMaintained="true" Displayed="false" isActive="true" isEncrypted="false" isFieldOnly="false" isHeading="false" isReadOnly="false" SeqNo="0" DisplayLength="10" Description="" Help="" SortNo="0" DisplayLogic="" ObscureType="" InfoFactoryClass="" isMandatory="" DefaultValue="" PreferredWidth="0" HideInListView="false" ADReferenceNameID="" ADReferenceNameValueID="" ADValRuleNameID=""/>
            <field AD_Field_ID="80298" ADColumnNameID="C_OrderLine_ID" ADTableNameID="M_PicklistLine" ADFieldGroupNameID="" ADFieldNameID="Sales Order Line" ADTabNameID="Picklist Line" ADWindowNameID="GBV_&#3651;&#3610;&#3592;&#3633;&#3604;&#3586;&#3629;&#3591;" EntityType="pasta" Name="Sales Order Line" SameLine="false" isCentrallyMaintained="true" Displayed="false" isActive="true" isEncrypted="false" isFieldOnly="false" isHeading="false" isReadOnly="false" SeqNo="0" DisplayLength="10" Description="Sales Order Line" Help="The Sales Order Line is a unique identifier for a line in an order." SortNo="0" DisplayLogic="" ObscureType="" InfoFactoryClass="" isMandatory="" DefaultValue="" PreferredWidth="0" HideInListView="false" ADReferenceNameID="" ADReferenceNameValueID="" ADValRuleNameID=""/>
            <field AD_Field_ID="80289" ADColumnNameID="AD_Client_ID" ADTableNameID="M_PicklistLine" ADFieldGroupNameID="" ADFieldNameID="Client" ADTabNameID="Picklist Line" ADWindowNameID="GBV_&#3651;&#3610;&#3592;&#3633;&#3604;&#3586;&#3629;&#3591;" EntityType="pasta" Name="Client" SameLine="false" isCentrallyMaintained="true" Displayed="true" isActive="true" isEncrypted="false" isFieldOnly="false" isHeading="false" isReadOnly="false" SeqNo="10" DisplayLength="10" Description="Client/Tenant for this installation." Help="A Client is a company or a legal entity. You cannot share data between Clients. Tenant is a synonym for Client." SortNo="0" DisplayLogic="" ObscureType="" InfoFactoryClass="" isMandatory="" DefaultValue="" PreferredWidth="0" HideInListView="true" ADReferenceNameID="" ADReferenceNameValueID="" ADValRuleNameID=""/>
            <field AD_Field_ID="80292" ADColumnNameID="AD_Org_ID" ADTableNameID="M_PicklistLine" ADFieldGroupNameID="" ADFieldNameID="Organization" ADTabNameID="Picklist Line" ADWindowNameID="GBV_&#3651;&#3610;&#3592;&#3633;&#3604;&#3586;&#3629;&#3591;" EntityType="pasta" Name="Organization" SameLine="false" isCentrallyMaintained="true" Displayed="true" isActive="true" isEncrypted="false" isFieldOnly="false" isHeading="false" isReadOnly="false" SeqNo="20" DisplayLength="10" Description="Organizational entity within client" Help="An organization is a unit of your client or legal entity - examples are store, department. You can share data between organizations." SortNo="0" DisplayLogic="" ObscureType="" InfoFactoryClass="" isMandatory="" DefaultValue="" PreferredWidth="0" HideInListView="true" ADReferenceNameID="" ADReferenceNameValueID="" ADValRuleNameID=""/>
            <field AD_Field_ID="80290" ADColumnNameID="Line" ADTableNameID="M_PicklistLine" ADFieldGroupNameID="" ADFieldNameID="Line No" ADTabNameID="Picklist Line" ADWindowNameID="GBV_&#3651;&#3610;&#3592;&#3633;&#3604;&#3586;&#3629;&#3591;" EntityType="pasta" Name="Line No" SameLine="false" isCentrallyMaintained="true" Displayed="true" isActive="true" isEncrypted="false" isFieldOnly="false" isHeading="false" isReadOnly="false" SeqNo="30" DisplayLength="10" Description="Unique line for this document" Help="Indicates the unique line for a document.  It will also control the display order of the lines within a document." SortNo="0" DisplayLogic="" ObscureType="" InfoFactoryClass="" isMandatory="" DefaultValue="" PreferredWidth="0" HideInListView="false" ADReferenceNameID="" ADReferenceNameValueID="" ADValRuleNameID=""/>
            <field AD_Field_ID="80296" ADColumnNameID="M_Product_ID" ADTableNameID="M_PicklistLine" ADFieldGroupNameID="" ADFieldNameID="Product" ADTabNameID="Picklist Line" ADWindowNameID="GBV_&#3651;&#3610;&#3592;&#3633;&#3604;&#3586;&#3629;&#3591;" EntityType="pasta" Name="Product" SameLine="false" isCentrallyMaintained="true" Displayed="true" isActive="true" isEncrypted="false" isFieldOnly="false" isHeading="false" isReadOnly="false" SeqNo="40" DisplayLength="10" Description="Product, Service, Item" Help="Identifies an item which is either purchased or sold in this organization." SortNo="0" DisplayLogic="" ObscureType="" InfoFactoryClass="" isMandatory="" DefaultValue="" PreferredWidth="0" HideInListView="false" ADReferenceNameID="" ADReferenceNameValueID="" ADValRuleNameID=""/>
            <field AD_Field_ID="80300" ADColumnNameID="M_Warehouse_ID" ADTableNameID="M_PicklistLine" ADFieldGroupNameID="" ADFieldNameID="Warehouse" ADTabNameID="Picklist Line" ADWindowNameID="GBV_&#3651;&#3610;&#3592;&#3633;&#3604;&#3586;&#3629;&#3591;" EntityType="pasta" Name="Warehouse" SameLine="false" isCentrallyMaintained="true" Displayed="true" isActive="true" isEncrypted="false" isFieldOnly="false" isHeading="false" isReadOnly="false" SeqNo="50" DisplayLength="10" Description="Storage Warehouse and Service Point" Help="The Warehouse identifies a unique Warehouse where products are stored or Services are provided." SortNo="0" DisplayLogic="" ObscureType="" InfoFactoryClass="" isMandatory="" DefaultValue="" PreferredWidth="0" HideInListView="false" ADReferenceNameID="" ADReferenceNameValueID="" ADValRuleNameID=""/>
            <field AD_Field_ID="80291" ADColumnNameID="M_Locator_ID" ADTableNameID="M_PicklistLine" ADFieldGroupNameID="" ADFieldNameID="Locator" ADTabNameID="Picklist Line" ADWindowNameID="GBV_&#3651;&#3610;&#3592;&#3633;&#3604;&#3586;&#3629;&#3591;" EntityType="pasta" Name="Locator" SameLine="false" isCentrallyMaintained="true" Displayed="true" isActive="true" isEncrypted="false" isFieldOnly="false" isHeading="false" isReadOnly="false" SeqNo="60" DisplayLength="10" Description="Warehouse Locator" Help="The Locator indicates where in a Warehouse a product is located." SortNo="0" DisplayLogic="" ObscureType="" InfoFactoryClass="" isMandatory="" DefaultValue="" PreferredWidth="0" HideInListView="false" ADReferenceNameID="" ADReferenceNameValueID="" ADValRuleNameID=""/>
            <field AD_Field_ID="80297" ADColumnNameID="Qty" ADTableNameID="M_PicklistLine" ADFieldGroupNameID="" ADFieldNameID="Quantity" ADTabNameID="Picklist Line" ADWindowNameID="GBV_&#3651;&#3610;&#3592;&#3633;&#3604;&#3586;&#3629;&#3591;" EntityType="pasta" Name="Quantity" SameLine="false" isCentrallyMaintained="true" Displayed="true" isActive="true" isEncrypted="false" isFieldOnly="false" isHeading="false" isReadOnly="false" SeqNo="70" DisplayLength="131089" Description="Quantity" Help="The Quantity indicates the number of a specific product or item for this document." SortNo="0" DisplayLogic="" ObscureType="" InfoFactoryClass="" isMandatory="" DefaultValue="" PreferredWidth="0" HideInListView="false" ADReferenceNameID="" ADReferenceNameValueID="" ADValRuleNameID=""/>
            <field AD_Field_ID="80299" ADColumnNameID="C_UOM_ID" ADTableNameID="M_PicklistLine" ADFieldGroupNameID="" ADFieldNameID="UOM" ADTabNameID="Picklist Line" ADWindowNameID="GBV_&#3651;&#3610;&#3592;&#3633;&#3604;&#3586;&#3629;&#3591;" EntityType="pasta" Name="UOM" SameLine="false" isCentrallyMaintained="true" Displayed="true" isActive="true" isEncrypted="false" isFieldOnly="false" isHeading="false" isReadOnly="false" SeqNo="80" DisplayLength="10" Description="Unit of Measure" Help="The UOM defines a unique non monetary Unit of Measure" SortNo="0" DisplayLogic="" ObscureType="" InfoFactoryClass="" isMandatory="" DefaultValue="" PreferredWidth="0" HideInListView="false" ADReferenceNameID="" ADReferenceNameValueID="" ADValRuleNameID=""/>
            <field AD_Field_ID="80295" ADColumnNameID="M_PicklistLine_ID" ADTableNameID="M_PicklistLine" ADFieldGroupNameID="" ADFieldNameID="Picklist Line" ADTabNameID="Picklist Line" ADWindowNameID="GBV_&#3651;&#3610;&#3592;&#3633;&#3604;&#3586;&#3629;&#3591;" EntityType="pasta" Name="Picklist Line" SameLine="false" isCentrallyMaintained="true" Displayed="false" isActive="true" isEncrypted="false" isFieldOnly="false" isHeading="false" isReadOnly="false" SeqNo="0" DisplayLength="10" Description="" Help="" SortNo="0" DisplayLogic="" ObscureType="" InfoFactoryClass="" isMandatory="" DefaultValue="" PreferredWidth="0" HideInListView="false" ADReferenceNameID="" ADReferenceNameValueID="" ADValRuleNameID=""/>
            <field AD_Field_ID="80304" ADColumnNameID="Remarks" ADTableNameID="M_PicklistLine" ADFieldGroupNameID="" ADFieldNameID="Remark" ADTabNameID="Picklist Line" ADWindowNameID="GBV_&#3651;&#3610;&#3592;&#3633;&#3604;&#3586;&#3629;&#3591;" EntityType="pasta" Name="Remark" SameLine="false" isCentrallyMaintained="true" Displayed="true" isActive="true" isEncrypted="false" isFieldOnly="false" isHeading="false" isReadOnly="false" SeqNo="0" DisplayLength="100" Description="" Help="" SortNo="0" DisplayLogic="" ObscureType="" InfoFactoryClass="" isMandatory="" DefaultValue="" PreferredWidth="0" HideInListView="false" ADReferenceNameID="" ADReferenceNameValueID="" ADValRuleNameID=""/>
        </tab>
    </window>
</adempiereAD>
