<?xml version="1.0" encoding="ISO-8859-1"?>
<?xml-stylesheet type="text/css" href="adempiereDocument.css"?>

<adempiereDocument>
    <header>CHEQUE_REPORT Package Description</header>
    <H1>Package Name:</H1>
    <packagename>CHEQUE_REPORT</packagename>
    <H1>Creator:</H1>
    <creator>pasuwatw@gmail.com</creator>
    <H1>Email Address:</H1>
    <creatorcontact>pasuwatw@gmail.com</creatorcontact>
    <H1>Created:</H1>
    <createddate>2011-04-23 16:37:12</createddate>
    <H1>Updated:</H1>
    <updateddate>2011-04-23 16:37:12</updateddate>
    <H1>Description:</H1>
    <description>Cheque Report for Payment Selection</description>
    <H1>Instructions:</H1>
    <instructions>Cheque Report for Payment Selection</instructions>
    <H1>Files in Package:</H1>
    <file>File: PackOut.xml</file>
    <filedirectory>Directory: \dict\</filedirectory>
    <filenotes>Notes: Contains all application/object settings for package</filenotes>
</adempiereDocument>
