<?xml version="1.0" encoding="ISO-8859-1"?>
<adempiereAD Name="GBV_GEN_PICKLIST" Version="1" CompVer="Release 3.3.0" DataBase="1" Description="D:\temp\" creator="pasuwatw@gmail.com" creatorcontact="pasuwatw@gmail.com" createddate="2014-01-27 23:22:41" updateddate="2014-01-27 23:22:41" PackOutVer="005">
    <process AD_Process_ID="80016" Name="Generate Order Pick" ADWorkflowNameID="" ADProcessNameID="Generate Order Pick" ADPrintFormatNameID="" ADReportViewNameID="" AccessLevel="3" Classname="org.gbv.process.GenPicklist" Description="Generate Order Pick" EntityType="pasta" Help="" isBetaFunctionality="false" isDirectPrint="false" isReport="false" isActive="true" ProcedureName="" StatisticCount="0" StatisticSeconds="0" Value="wm001" WorkflowValue="" ShowHelp="Y" JasperReport="">
        <reference AD_Reference_ID="19" name="Table Direct" Description="Direct Table Access" EntityType="D" Help="" Name="Table Direct" isActive="true" VFormat="" ValidationType="D"/>
        <reference AD_Reference_ID="129" name="AD_Client" Description="Client selection" EntityType="D" Help="" Name="AD_Client" isActive="true" VFormat="" ValidationType="T">
            <referencetable AD_Reference_ID="129" ADRefenceNameID="AD_Client" ADTableNameID="AD_Client" ADDisplay="Name" Key="AD_Client_ID" EntityType="D" IsValueDisplayed="N" OrderByClause="AD_Client.Name" isActive="Y" WhereClause=""/>
        </reference>
        <dynvalrule AD_Val_Rule_ID="116" Name="AD_Client Login" Code="AD_Client.AD_Client_ID=@#AD_Client_ID@" Description="Restrict to login client" EntityType="D" Type="S" isActive="true"/>
        <processpara AD_Process_Para_ID="80060" Name="Client" ADProcessValueID="wm001" ADProcessParaNameID="Client" ADElementNameID="AD_Client_ID" ADReferenceNameID="Table Direct" ADReferenceValueNameID="AD_Client" ADValRuleNameID="AD_Client Login" ColumnName="AD_Client_ID" DefaultValue="@AD_Client_ID@" DefaultValue2="" Description="" EntityType="pasta" Help="" isActive="true" VFormat="" ValueMax="" ValueMin="" SeqNo="10" FieldLength="0" isCentrallyMaintained="true" isMandatory="true" isRange="false"/>
        <reference AD_Reference_ID="130" name="AD_Org (Trx)" Description="Organization selection, no summary, no 0" EntityType="D" Help="" Name="AD_Org (Trx)" isActive="true" VFormat="" ValidationType="T">
            <referencetable AD_Reference_ID="130" ADRefenceNameID="AD_Org (Trx)" ADTableNameID="AD_Org" ADDisplay="Name" Key="AD_Org_ID" EntityType="D" IsValueDisplayed="Y" OrderByClause="AD_Org.Name" isActive="Y" WhereClause="AD_Org.IsSummary='N' AND AD_Org_ID &lt;&gt; 0"/>
        </reference>
        <dynvalrule AD_Val_Rule_ID="117" Name="AD_Org Login" Code="AD_Org.AD_Org_ID=@#AD_Org_ID@ AND AD_Org.IsSummary='N'" Description="Not Summary - Restrict to Login Organization" EntityType="D" Type="S" isActive="true"/>
        <processpara AD_Process_Para_ID="80061" Name="Organization" ADProcessValueID="wm001" ADProcessParaNameID="Organization" ADElementNameID="AD_Org_ID" ADReferenceNameID="Table Direct" ADReferenceValueNameID="AD_Org (Trx)" ADValRuleNameID="AD_Org Login" ColumnName="AD_Org_ID" DefaultValue="@AD_Org_ID@" DefaultValue2="" Description="" EntityType="pasta" Help="" isActive="true" VFormat="" ValueMax="" ValueMin="" SeqNo="20" FieldLength="0" isCentrallyMaintained="true" isMandatory="true" isRange="false"/>
        <reference AD_Reference_ID="30" name="Search" Description="Search Field" EntityType="D" Help="" Name="Search" isActive="true" VFormat="" ValidationType="D"/>
        <reference AD_Reference_ID="290" name="C_Order" Description="Order" EntityType="D" Help="" Name="C_Order" isActive="true" VFormat="" ValidationType="T">
            <referencetable AD_Reference_ID="290" ADRefenceNameID="C_Order" ADTableNameID="C_Order" ADDisplay="DocumentNo" Key="C_Order_ID" EntityType="D" IsValueDisplayed="N" OrderByClause="C_Order.DocumentNo" isActive="Y" WhereClause=""/>
        </reference>
        <dynvalrule AD_Val_Rule_ID="52055" Name="C_Order in M_InOut (Complete and IsSOTrx)" Code="(IsSOTrx='@IsSOTrx@' AND DocStatus='CO')" Description="" EntityType="D" Type="S" isActive="true"/>
        <processpara AD_Process_Para_ID="80049" Name="Sales Order" ADProcessValueID="wm001" ADProcessParaNameID="Sales Order" ADElementNameID="C_Order_ID" ADReferenceNameID="Search" ADReferenceValueNameID="C_Order" ADValRuleNameID="C_Order in M_InOut (Complete and IsSOTrx)" ColumnName="C_Order_ID" DefaultValue="" DefaultValue2="" Description="" EntityType="pasta" Help="" isActive="true" VFormat="" ValueMax="" ValueMin="" SeqNo="30" FieldLength="0" isCentrallyMaintained="true" isMandatory="true" isRange="false"/>
    </process>
</adempiereAD>
