<?xml version="1.0" encoding="ISO-8859-1"?>
<adempiereAD Name="GBV_PACKAGE" Version="1" CompVer="Release 3.3.0" DataBase="1" Description="D:\temp\" creator="pasuwatw@gmail.com" creatorcontact="pasuwatw@gmail.com" createddate="2014-01-27 23:23:50" updateddate="2014-01-27 23:23:50" PackOutVer="005">
    <window AD_Window_ID="80006" ADWindowNameID="GBV_Package" ADImageNameID="" ADColorNameID="" Description="" EntityType="pasta" Help="" isBetaFunctionality="false" isDefault="false" isSOTrx="true" isActive="true" Name="GBV_Package" isProcessing="false" WinHeight="" WinWidth="" WindowType="T">
        <table AD_Table_ID="80012" Name="Package" ADTableNameID="MM_Package" ADWindowNameID="" POWindowNameID="" ADValRuleNameID="" AccessLevel="3" Description="Package to Customer" EntityType="pasta" Help="" ImportTable="N" isChangeLog="false" isActive="true" isDeleteable="true" isHighVolume="false" isSecurityEnabled="false" isView="false" LoadSeq="" ReplicationType="L" TableName="MM_Package">
            <element AD_Element_ID="80083" IsActive="true" ColumnName="MM_Package_ID" Description="" EntityType="pasta" Help="" Name="Package to Customer" PrintName="Package to Customer" PO_Description="" PO_Name="" PO_Help="" PO_PrintName=""/>
            <reference AD_Reference_ID="13" name="ID" Description="10 Digit Identifier" EntityType="D" Help="" Name="ID" isActive="true" VFormat="" ValidationType="D"/>
            <column AD_Column_ID="80298" ADColumnNameID="MM_Package_ID" ADProcessNameID="" ADElementNameID="MM_Package_ID" ADReferenceNameID="ID" ADReferenceNameValueID="" ADTableNameID="MM_Package" ADValRuleNameID="" Callout="" ColumnSQL="" ColumnName="MM_Package_ID" DefaultValue="" Description="" EntityType="pasta" FieldLength="10" Help="" isAlwaysUpdateable="false" isIdentifier="false" isKey="true" isMandatory="true" isParent="false" isSelectionColumn="false" isActive="true" isTranslated="false" isUpdateable="false" Name="Package to Customer" getIsSyncDatabase="Y" ReadOnlyLogic="" SeqNo="0" VFormat="" ValueMax="" ValueMin="" Version="0" InfoFactoryClass=""/>
            <element AD_Element_ID="102" IsActive="true" ColumnName="AD_Client_ID" Description="Client/Tenant for this installation." EntityType="D" Help="A Client is a company or a legal entity. You cannot share data between Clients. Tenant is a synonym for Client." Name="Client" PrintName="Client" PO_Description="" PO_Name="" PO_Help="" PO_PrintName=""/>
            <reference AD_Reference_ID="19" name="Table Direct" Description="Direct Table Access" EntityType="D" Help="" Name="Table Direct" isActive="true" VFormat="" ValidationType="D"/>
            <column AD_Column_ID="80299" ADColumnNameID="AD_Client_ID" ADProcessNameID="" ADElementNameID="AD_Client_ID" ADReferenceNameID="Table Direct" ADReferenceNameValueID="" ADTableNameID="MM_Package" ADValRuleNameID="" Callout="" ColumnSQL="" ColumnName="AD_Client_ID" DefaultValue="" Description="Client/Tenant for this installation." EntityType="pasta" FieldLength="10" Help="A Client is a company or a legal entity. You cannot share data between Clients. Tenant is a synonym for Client." isAlwaysUpdateable="false" isIdentifier="false" isKey="false" isMandatory="true" isParent="false" isSelectionColumn="false" isActive="true" isTranslated="false" isUpdateable="false" Name="Client" getIsSyncDatabase="Y" ReadOnlyLogic="" SeqNo="0" VFormat="" ValueMax="" ValueMin="" Version="0" InfoFactoryClass=""/>
            <element AD_Element_ID="113" IsActive="true" ColumnName="AD_Org_ID" Description="Organizational entity within client" EntityType="D" Help="An organization is a unit of your client or legal entity - examples are store, department. You can share data between organizations." Name="Organization" PrintName="Organization" PO_Description="" PO_Name="" PO_Help="" PO_PrintName=""/>
            <column AD_Column_ID="80300" ADColumnNameID="AD_Org_ID" ADProcessNameID="" ADElementNameID="AD_Org_ID" ADReferenceNameID="Table Direct" ADReferenceNameValueID="" ADTableNameID="MM_Package" ADValRuleNameID="" Callout="" ColumnSQL="" ColumnName="AD_Org_ID" DefaultValue="" Description="Organizational entity within client" EntityType="pasta" FieldLength="10" Help="An organization is a unit of your client or legal entity - examples are store, department. You can share data between organizations." isAlwaysUpdateable="false" isIdentifier="false" isKey="false" isMandatory="false" isParent="false" isSelectionColumn="false" isActive="true" isTranslated="false" isUpdateable="false" Name="Organization" getIsSyncDatabase="Y" ReadOnlyLogic="" SeqNo="0" VFormat="" ValueMax="" ValueMin="" Version="0" InfoFactoryClass=""/>
            <element AD_Element_ID="348" IsActive="true" ColumnName="IsActive" Description="The record is active in the system" EntityType="D" Help="There are two methods of making records unavailable in the system: One is to delete the record, the other is to de-activate the record. A de-activated record is not available for selection, but available for reports.&#10;There are two reasons for de-activating and not deleting records:&#10;(1) The system requires the record for audit purposes.&#10;(2) The record is referenced by other records. E.g., you cannot delete a Business Partner, if there are invoices for this partner record existing. You de-activate the Business Partner and prevent that this record is used for future entries." Name="Active" PrintName="Active" PO_Description="" PO_Name="" PO_Help="" PO_PrintName=""/>
            <reference AD_Reference_ID="20" name="Yes-No" Description="CheckBox" EntityType="D" Help="" Name="Yes-No" isActive="true" VFormat="" ValidationType="D"/>
            <column AD_Column_ID="80301" ADColumnNameID="IsActive" ADProcessNameID="" ADElementNameID="IsActive" ADReferenceNameID="Yes-No" ADReferenceNameValueID="" ADTableNameID="MM_Package" ADValRuleNameID="" Callout="" ColumnSQL="" ColumnName="IsActive" DefaultValue="" Description="The record is active in the system" EntityType="pasta" FieldLength="1" Help="There are two methods of making records unavailable in the system: One is to delete the record, the other is to de-activate the record. A de-activated record is not available for selection, but available for reports.&#10;There are two reasons for de-activating and not deleting records:&#10;(1) The system requires the record for audit purposes.&#10;(2) The record is referenced by other records. E.g., you cannot delete a Business Partner, if there are invoices for this partner record existing. You de-activate the Business Partner and prevent that this record is used for future entries." isAlwaysUpdateable="false" isIdentifier="false" isKey="false" isMandatory="true" isParent="false" isSelectionColumn="false" isActive="true" isTranslated="false" isUpdateable="true" Name="Active" getIsSyncDatabase="Y" ReadOnlyLogic="" SeqNo="0" VFormat="" ValueMax="" ValueMin="" Version="0" InfoFactoryClass=""/>
            <element AD_Element_ID="245" IsActive="true" ColumnName="Created" Description="Date this record was created" EntityType="D" Help="The Created field indicates the date that this record was created." Name="Created" PrintName="Created" PO_Description="" PO_Name="" PO_Help="" PO_PrintName=""/>
            <reference AD_Reference_ID="16" name="Date+Time" Description="Date with time" EntityType="D" Help="" Name="Date+Time" isActive="true" VFormat="" ValidationType="D"/>
            <column AD_Column_ID="80302" ADColumnNameID="Created" ADProcessNameID="" ADElementNameID="Created" ADReferenceNameID="Date+Time" ADReferenceNameValueID="" ADTableNameID="MM_Package" ADValRuleNameID="" Callout="" ColumnSQL="" ColumnName="Created" DefaultValue="" Description="Date this record was created" EntityType="pasta" FieldLength="29" Help="The Created field indicates the date that this record was created." isAlwaysUpdateable="false" isIdentifier="false" isKey="false" isMandatory="true" isParent="false" isSelectionColumn="false" isActive="true" isTranslated="false" isUpdateable="false" Name="Created" getIsSyncDatabase="Y" ReadOnlyLogic="" SeqNo="0" VFormat="" ValueMax="" ValueMin="" Version="0" InfoFactoryClass=""/>
            <element AD_Element_ID="246" IsActive="true" ColumnName="CreatedBy" Description="User who created this records" EntityType="D" Help="The Created By field indicates the user who created this record." Name="Created By" PrintName="Created By" PO_Description="" PO_Name="" PO_Help="" PO_PrintName=""/>
            <reference AD_Reference_ID="18" name="Table" Description="Table List" EntityType="D" Help="" Name="Table" isActive="true" VFormat="" ValidationType="D"/>
            <reference AD_Reference_ID="110" name="AD_User" Description="User selection" EntityType="D" Help="" Name="AD_User" isActive="true" VFormat="" ValidationType="T">
                <referencetable AD_Reference_ID="110" ADRefenceNameID="AD_User" ADTableNameID="AD_User" ADDisplay="Name" Key="AD_User_ID" EntityType="D" IsValueDisplayed="N" OrderByClause="AD_User.Name" isActive="Y" WhereClause=""/>
            </reference>
            <column AD_Column_ID="80303" ADColumnNameID="CreatedBy" ADProcessNameID="" ADElementNameID="CreatedBy" ADReferenceNameID="Table" ADReferenceNameValueID="AD_User" ADTableNameID="MM_Package" ADValRuleNameID="" Callout="" ColumnSQL="" ColumnName="CreatedBy" DefaultValue="" Description="User who created this records" EntityType="pasta" FieldLength="10" Help="The Created By field indicates the user who created this record." isAlwaysUpdateable="false" isIdentifier="false" isKey="false" isMandatory="true" isParent="false" isSelectionColumn="false" isActive="true" isTranslated="false" isUpdateable="false" Name="Created By" getIsSyncDatabase="Y" ReadOnlyLogic="" SeqNo="0" VFormat="" ValueMax="" ValueMin="" Version="0" InfoFactoryClass=""/>
            <element AD_Element_ID="607" IsActive="true" ColumnName="Updated" Description="Date this record was updated" EntityType="D" Help="The Updated field indicates the date that this record was updated." Name="Updated" PrintName="Updated" PO_Description="" PO_Name="" PO_Help="" PO_PrintName=""/>
            <column AD_Column_ID="80304" ADColumnNameID="Updated" ADProcessNameID="" ADElementNameID="Updated" ADReferenceNameID="Date+Time" ADReferenceNameValueID="" ADTableNameID="MM_Package" ADValRuleNameID="" Callout="" ColumnSQL="" ColumnName="Updated" DefaultValue="" Description="Date this record was updated" EntityType="pasta" FieldLength="29" Help="The Updated field indicates the date that this record was updated." isAlwaysUpdateable="false" isIdentifier="false" isKey="false" isMandatory="true" isParent="false" isSelectionColumn="false" isActive="true" isTranslated="false" isUpdateable="false" Name="Updated" getIsSyncDatabase="Y" ReadOnlyLogic="" SeqNo="0" VFormat="" ValueMax="" ValueMin="" Version="0" InfoFactoryClass=""/>
            <element AD_Element_ID="608" IsActive="true" ColumnName="UpdatedBy" Description="User who updated this records" EntityType="D" Help="The Updated By field indicates the user who updated this record." Name="Updated By" PrintName="Updated By" PO_Description="" PO_Name="" PO_Help="" PO_PrintName=""/>
            <column AD_Column_ID="80305" ADColumnNameID="UpdatedBy" ADProcessNameID="" ADElementNameID="UpdatedBy" ADReferenceNameID="Table" ADReferenceNameValueID="AD_User" ADTableNameID="MM_Package" ADValRuleNameID="" Callout="" ColumnSQL="" ColumnName="UpdatedBy" DefaultValue="" Description="User who updated this records" EntityType="pasta" FieldLength="10" Help="The Updated By field indicates the user who updated this record." isAlwaysUpdateable="false" isIdentifier="false" isKey="false" isMandatory="true" isParent="false" isSelectionColumn="false" isActive="true" isTranslated="false" isUpdateable="false" Name="Updated By" getIsSyncDatabase="Y" ReadOnlyLogic="" SeqNo="0" VFormat="" ValueMax="" ValueMin="" Version="0" InfoFactoryClass=""/>
            <element AD_Element_ID="290" IsActive="true" ColumnName="DocumentNo" Description="Document sequence number of the document" EntityType="D" Help="The document number is usually automatically generated by the system and determined by the document type of the document. If the document is not saved, the preliminary number is displayed in &quot;&lt;&gt;&quot;.&#10;&#10;If the document type of your document has no automatic document sequence defined, the field is empty if you create a new document. This is for documents which usually have an external number (like vendor invoice).  If you leave the field empty, the system will generate a document number for you. The document sequence used for this fallback number is defined in the &quot;Maintain Sequence&quot; window with the name &quot;DocumentNo_&lt;TableName&gt;&quot;, where TableName is the actual name of the table (e.g. C_Order)." Name="Document No" PrintName="Document No" PO_Description="" PO_Name="" PO_Help="" PO_PrintName=""/>
            <reference AD_Reference_ID="10" name="String" Description="Character String" EntityType="D" Help="" Name="String" isActive="true" VFormat="" ValidationType="D"/>
            <column AD_Column_ID="80306" ADColumnNameID="DocumentNo" ADProcessNameID="" ADElementNameID="DocumentNo" ADReferenceNameID="String" ADReferenceNameValueID="" ADTableNameID="MM_Package" ADValRuleNameID="" Callout="" ColumnSQL="" ColumnName="DocumentNo" DefaultValue="" Description="Document sequence number of the document" EntityType="pasta" FieldLength="30" Help="The document number is usually automatically generated by the system and determined by the document type of the document. If the document is not saved, the preliminary number is displayed in &quot;&lt;&gt;&quot;.&#10;&#10;If the document type of your document has no automatic document sequence defined, the field is empty if you create a new document. This is for documents which usually have an external number (like vendor invoice).  If you leave the field empty, the system will generate a document number for you. The document sequence used for this fallback number is defined in the &quot;Maintain Sequence&quot; window with the name &quot;DocumentNo_&lt;TableName&gt;&quot;, where TableName is the actual name of the table (e.g. C_Order)." isAlwaysUpdateable="false" isIdentifier="false" isKey="false" isMandatory="true" isParent="false" isSelectionColumn="true" isActive="true" isTranslated="false" isUpdateable="true" Name="Document No" getIsSyncDatabase="Y" ReadOnlyLogic="" SeqNo="0" VFormat="" ValueMax="" ValueMin="" Version="0" InfoFactoryClass=""/>
            <element AD_Element_ID="558" IsActive="true" ColumnName="C_Order_ID" Description="Order" EntityType="D" Help="The Order is a control document.  The  Order is complete when the quantity ordered is the same as the quantity shipped and invoiced.  When you close an order, unshipped (backordered) quantities are cancelled." Name="Order" PrintName="Order" PO_Description="Purchase Order" PO_Name="Purchase Order" PO_Help="The Purchase Order is a control document.  The Purchase Order is complete when the quantity ordered is the same as the quantity shipped and invoiced.  When you close an order, unshipped (backordered) quantities are cancelled." PO_PrintName="Purchase Order"/>
            <reference AD_Reference_ID="30" name="Search" Description="Search Field" EntityType="D" Help="" Name="Search" isActive="true" VFormat="" ValidationType="D"/>
            <dynvalrule AD_Val_Rule_ID="134" Name="C_Order SO to be invoiced" Code="DocStatus NOT IN ('DR','IP')  AND EXISTS (SELECT * FROM C_OrderLine WHERE C_Order.C_Order_ID=C_OrderLine.C_Order_ID AND QtyOrdered &lt;&gt; QtyInvoiced) AND IsSOTrx='Y' AND NOT EXISTS (SELECT * FROM C_Invoice i WHERE i.C_Order_ID=C_Order.C_Order_ID AND i.DocStatus IN ('IP', 'CO', 'CL'))" Description="Ordered &lt;&gt; Invoiced" EntityType="D" Type="S" isActive="true"/>
            <column AD_Column_ID="80307" ADColumnNameID="C_Order_ID" ADProcessNameID="" ADElementNameID="C_Order_ID" ADReferenceNameID="Search" ADReferenceNameValueID="" ADTableNameID="MM_Package" ADValRuleNameID="C_Order SO to be invoiced" Callout="" ColumnSQL="" ColumnName="C_Order_ID" DefaultValue="" Description="Order" EntityType="pasta" FieldLength="10" Help="The Order is a control document.  The  Order is complete when the quantity ordered is the same as the quantity shipped and invoiced.  When you close an order, unshipped (backordered) quantities are cancelled." isAlwaysUpdateable="false" isIdentifier="false" isKey="false" isMandatory="true" isParent="false" isSelectionColumn="false" isActive="true" isTranslated="false" isUpdateable="true" Name="Order" getIsSyncDatabase="Y" ReadOnlyLogic="" SeqNo="0" VFormat="" ValueMax="" ValueMin="" Version="0" InfoFactoryClass=""/>
            <element AD_Element_ID="80084" IsActive="true" ColumnName="PackDate" Description="" EntityType="pasta" Help="" Name="PackDate" PrintName="Pack Date" PO_Description="" PO_Name="" PO_Help="" PO_PrintName=""/>
            <reference AD_Reference_ID="15" name="Date" Description="Date mm/dd/yyyy" EntityType="D" Help="" Name="Date" isActive="true" VFormat="" ValidationType="D"/>
            <column AD_Column_ID="80308" ADColumnNameID="PackDate" ADProcessNameID="" ADElementNameID="PackDate" ADReferenceNameID="Date" ADReferenceNameValueID="" ADTableNameID="MM_Package" ADValRuleNameID="" Callout="" ColumnSQL="" ColumnName="PackDate" DefaultValue="@#Date@" Description="" EntityType="pasta" FieldLength="29" Help="" isAlwaysUpdateable="false" isIdentifier="false" isKey="false" isMandatory="true" isParent="false" isSelectionColumn="false" isActive="true" isTranslated="false" isUpdateable="true" Name="PackDate" getIsSyncDatabase="Y" ReadOnlyLogic="" SeqNo="0" VFormat="" ValueMax="" ValueMin="" Version="0" InfoFactoryClass=""/>
            <element AD_Element_ID="80085" IsActive="true" ColumnName="PackBy" Description="" EntityType="pasta" Help="" Name="PackBy" PrintName="Pack By" PO_Description="" PO_Name="" PO_Help="" PO_PrintName=""/>
            <reference AD_Reference_ID="286" name="AD_User - Internal" Description="Employee or SalesRep" EntityType="D" Help="" Name="AD_User - Internal" isActive="true" VFormat="" ValidationType="T">
                <referencetable AD_Reference_ID="286" ADRefenceNameID="AD_User - Internal" ADTableNameID="AD_User" ADDisplay="Name" Key="AD_User_ID" EntityType="D" IsValueDisplayed="N" OrderByClause="" isActive="Y" WhereClause="EXISTS (SELECT * FROM C_BPartner bp WHERE AD_User.C_BPartner_ID=bp.C_BPartner_ID AND (bp.IsEmployee='Y' OR bp.IsSalesRep='Y'))"/>
            </reference>
            <column AD_Column_ID="80309" ADColumnNameID="PackBy" ADProcessNameID="" ADElementNameID="PackBy" ADReferenceNameID="Table" ADReferenceNameValueID="AD_User - Internal" ADTableNameID="MM_Package" ADValRuleNameID="" Callout="" ColumnSQL="" ColumnName="PackBy" DefaultValue="" Description="" EntityType="pasta" FieldLength="12" Help="" isAlwaysUpdateable="false" isIdentifier="false" isKey="false" isMandatory="true" isParent="false" isSelectionColumn="false" isActive="true" isTranslated="false" isUpdateable="true" Name="PackBy" getIsSyncDatabase="Y" ReadOnlyLogic="" SeqNo="0" VFormat="" ValueMax="" ValueMin="" Version="0" InfoFactoryClass=""/>
            <element AD_Element_ID="80086" IsActive="true" ColumnName="PackStatus" Description="" EntityType="pasta" Help="" Name="PackStatus" PrintName="Pack Status" PO_Description="" PO_Name="" PO_Help="" PO_PrintName=""/>
            <reference AD_Reference_ID="17" name="List" Description="Reference List" EntityType="D" Help="" Name="List" isActive="true" VFormat="" ValidationType="D"/>
            <reference AD_Reference_ID="80007" name="GBV_PackStatus" Description="" EntityType="pasta" Help="" Name="GBV_PackStatus" isActive="true" VFormat="" ValidationType="L">
                <referencelist ADReflistNameID="Packed" ADRefenceNameID="GBV_PackStatus" Description="" EntityType="pasta" Name="Packed" isActive="true" Value="PA"/>
                <referencelist ADReflistNameID="Returned" ADRefenceNameID="GBV_PackStatus" Description="" EntityType="pasta" Name="Returned" isActive="true" Value="RE"/>
                <referencelist ADReflistNameID="Shipped" ADRefenceNameID="GBV_PackStatus" Description="" EntityType="pasta" Name="Shipped" isActive="true" Value="SH"/>
            </reference>
            <column AD_Column_ID="80310" ADColumnNameID="PackStatus" ADProcessNameID="" ADElementNameID="PackStatus" ADReferenceNameID="List" ADReferenceNameValueID="GBV_PackStatus" ADTableNameID="MM_Package" ADValRuleNameID="" Callout="" ColumnSQL="" ColumnName="PackStatus" DefaultValue="PA" Description="" EntityType="pasta" FieldLength="2" Help="" isAlwaysUpdateable="false" isIdentifier="false" isKey="false" isMandatory="true" isParent="false" isSelectionColumn="false" isActive="true" isTranslated="false" isUpdateable="true" Name="PackStatus" getIsSyncDatabase="Y" ReadOnlyLogic="" SeqNo="0" VFormat="" ValueMax="" ValueMin="" Version="0" InfoFactoryClass=""/>
            <element AD_Element_ID="275" IsActive="true" ColumnName="Description" Description="Optional short description of the record" EntityType="D" Help="A description is limited to 255 characters." Name="Description" PrintName="Description" PO_Description="" PO_Name="" PO_Help="" PO_PrintName=""/>
            <column AD_Column_ID="80311" ADColumnNameID="Description" ADProcessNameID="" ADElementNameID="Description" ADReferenceNameID="String" ADReferenceNameValueID="" ADTableNameID="MM_Package" ADValRuleNameID="" Callout="" ColumnSQL="" ColumnName="Description" DefaultValue="" Description="Optional short description of the record" EntityType="pasta" FieldLength="255" Help="A description is limited to 255 characters." isAlwaysUpdateable="false" isIdentifier="false" isKey="false" isMandatory="false" isParent="false" isSelectionColumn="true" isActive="true" isTranslated="false" isUpdateable="true" Name="Description" getIsSyncDatabase="Y" ReadOnlyLogic="" SeqNo="0" VFormat="" ValueMax="" ValueMin="" Version="0" InfoFactoryClass=""/>
            <element AD_Element_ID="1047" IsActive="true" ColumnName="Processed" Description="The document has been processed" EntityType="D" Help="The Processed checkbox indicates that a document has been processed." Name="Processed" PrintName="Processed" PO_Description="" PO_Name="" PO_Help="" PO_PrintName=""/>
            <column AD_Column_ID="80312" ADColumnNameID="Processed" ADProcessNameID="" ADElementNameID="Processed" ADReferenceNameID="Yes-No" ADReferenceNameValueID="" ADTableNameID="MM_Package" ADValRuleNameID="" Callout="" ColumnSQL="" ColumnName="Processed" DefaultValue="" Description="The document has been processed" EntityType="pasta" FieldLength="1" Help="The Processed checkbox indicates that a document has been processed." isAlwaysUpdateable="false" isIdentifier="false" isKey="false" isMandatory="true" isParent="false" isSelectionColumn="false" isActive="true" isTranslated="false" isUpdateable="true" Name="Processed" getIsSyncDatabase="Y" ReadOnlyLogic="" SeqNo="0" VFormat="" ValueMax="" ValueMin="" Version="0" InfoFactoryClass=""/>
            <element AD_Element_ID="80090" IsActive="true" ColumnName="PackSize" Description="" EntityType="pasta" Help="" Name="PackSize" PrintName="Pack Size" PO_Description="" PO_Name="" PO_Help="" PO_PrintName=""/>
            <reference AD_Reference_ID="80008" name="PackSize_LL" Description="" EntityType="pasta" Help="" Name="PackSize_LL" isActive="true" VFormat="" ValidationType="L">
                <referencelist ADReflistNameID="6 &#3586;&#3623;&#3604;" ADRefenceNameID="PackSize_LL" Description="" EntityType="pasta" Name="6 &#3586;&#3623;&#3604;" isActive="true" Value="6"/>
            </reference>
            <column AD_Column_ID="80326" ADColumnNameID="PackSize" ADProcessNameID="" ADElementNameID="PackSize" ADReferenceNameID="List" ADReferenceNameValueID="PackSize_LL" ADTableNameID="MM_Package" ADValRuleNameID="" Callout="" ColumnSQL="" ColumnName="PackSize" DefaultValue="6" Description="" EntityType="U" FieldLength="2" Help="" isAlwaysUpdateable="false" isIdentifier="false" isKey="false" isMandatory="false" isParent="false" isSelectionColumn="false" isActive="true" isTranslated="false" isUpdateable="true" Name="PackSize" getIsSyncDatabase="Y" ReadOnlyLogic="" SeqNo="0" VFormat="" ValueMax="" ValueMin="" Version="0" InfoFactoryClass=""/>
        </table>
        <tab AD_Tab_ID="80014" Name="Package" ADColumnSortOrderNameID="" ADColumnSortYesNoNameID="" ADColumnNameID="" ADImageNameID="" ADProcessNameID="" ADTabNameID="Package" ADTableNameID="MM_Package" ADWindowNameID="GBV_Package" IncludedTabNameID="" CommitWarning="" Description="" EntityType="pasta" isHasTree="false" Help="" isInfoTab="false" isReadOnly="false" isSingleRow="true" isSortTab="false" isActive="true" IsTranslationTab="false" OrderByClause="" isProcessing="false" SeqNo="10" TabLevel="0" WhereClause="" ReadOnlyLogic="" DisplayLogic="" isInsertRecord="true" isAdvancedTab="false" Syncfields="false">
            <field AD_Field_ID="80307" ADColumnNameID="AD_Client_ID" ADTableNameID="MM_Package" ADFieldGroupNameID="" ADFieldNameID="Client" ADTabNameID="Package" ADWindowNameID="GBV_Package" EntityType="pasta" Name="Client" SameLine="false" isCentrallyMaintained="true" Displayed="true" isActive="true" isEncrypted="false" isFieldOnly="false" isHeading="false" isReadOnly="true" SeqNo="10" DisplayLength="10" Description="Client/Tenant for this installation." Help="A Client is a company or a legal entity. You cannot share data between Clients. Tenant is a synonym for Client." SortNo="0" DisplayLogic="" ObscureType="" InfoFactoryClass="" isMandatory="" DefaultValue="" PreferredWidth="0" HideInListView="false" ADReferenceNameID="" ADReferenceNameValueID="" ADValRuleNameID=""/>
            <field AD_Field_ID="80311" ADColumnNameID="AD_Org_ID" ADTableNameID="MM_Package" ADFieldGroupNameID="" ADFieldNameID="Organization" ADTabNameID="Package" ADWindowNameID="GBV_Package" EntityType="pasta" Name="Organization" SameLine="true" isCentrallyMaintained="true" Displayed="true" isActive="true" isEncrypted="false" isFieldOnly="false" isHeading="false" isReadOnly="false" SeqNo="20" DisplayLength="10" Description="Organizational entity within client" Help="An organization is a unit of your client or legal entity - examples are store, department. You can share data between organizations." SortNo="0" DisplayLogic="" ObscureType="" InfoFactoryClass="" isMandatory="" DefaultValue="" PreferredWidth="0" HideInListView="false" ADReferenceNameID="" ADReferenceNameValueID="" ADValRuleNameID=""/>
            <field AD_Field_ID="80309" ADColumnNameID="DocumentNo" ADTableNameID="MM_Package" ADFieldGroupNameID="" ADFieldNameID="Document No" ADTabNameID="Package" ADWindowNameID="GBV_Package" EntityType="pasta" Name="Document No" SameLine="false" isCentrallyMaintained="true" Displayed="true" isActive="true" isEncrypted="false" isFieldOnly="false" isHeading="false" isReadOnly="false" SeqNo="30" DisplayLength="10" Description="Document sequence number of the document" Help="The document number is usually automatically generated by the system and determined by the document type of the document. If the document is not saved, the preliminary number is displayed in &quot;&lt;&gt;&quot;.&#10;&#10;If the document type of your document has no automatic document sequence defined, the field is empty if you create a new document. This is for documents which usually have an external number (like vendor invoice).  If you leave the field empty, the system will generate a document number for you. The document sequence used for this fallback number is defined in the &quot;Maintain Sequence&quot; window with the name &quot;DocumentNo_&lt;TableName&gt;&quot;, where TableName is the actual name of the table (e.g. C_Order)." SortNo="0" DisplayLogic="" ObscureType="" InfoFactoryClass="" isMandatory="" DefaultValue="" PreferredWidth="0" HideInListView="false" ADReferenceNameID="" ADReferenceNameValueID="" ADValRuleNameID=""/>
            <field AD_Field_ID="80310" ADColumnNameID="C_Order_ID" ADTableNameID="MM_Package" ADFieldGroupNameID="" ADFieldNameID="Order" ADTabNameID="Package" ADWindowNameID="GBV_Package" EntityType="pasta" Name="Order" SameLine="true" isCentrallyMaintained="true" Displayed="true" isActive="true" isEncrypted="false" isFieldOnly="false" isHeading="false" isReadOnly="false" SeqNo="40" DisplayLength="10" Description="Order" Help="The Order is a control document.  The  Order is complete when the quantity ordered is the same as the quantity shipped and invoiced.  When you close an order, unshipped (backordered) quantities are cancelled." SortNo="0" DisplayLogic="" ObscureType="" InfoFactoryClass="" isMandatory="" DefaultValue="" PreferredWidth="0" HideInListView="false" ADReferenceNameID="" ADReferenceNameValueID="" ADValRuleNameID=""/>
            <field AD_Field_ID="80308" ADColumnNameID="Description" ADTableNameID="MM_Package" ADFieldGroupNameID="" ADFieldNameID="Description" ADTabNameID="Package" ADWindowNameID="GBV_Package" EntityType="pasta" Name="Description" SameLine="false" isCentrallyMaintained="true" Displayed="true" isActive="true" isEncrypted="false" isFieldOnly="false" isHeading="false" isReadOnly="false" SeqNo="50" DisplayLength="255" Description="Optional short description of the record" Help="A description is limited to 255 characters." SortNo="0" DisplayLogic="" ObscureType="" InfoFactoryClass="" isMandatory="" DefaultValue="" PreferredWidth="0" HideInListView="false" ADReferenceNameID="" ADReferenceNameValueID="" ADValRuleNameID=""/>
            <field AD_Field_ID="80325" ADColumnNameID="PackSize" ADTableNameID="MM_Package" ADFieldGroupNameID="" ADFieldNameID="PackSize" ADTabNameID="Package" ADWindowNameID="GBV_Package" EntityType="pasta" Name="PackSize" SameLine="false" isCentrallyMaintained="true" Displayed="true" isActive="true" isEncrypted="false" isFieldOnly="false" isHeading="false" isReadOnly="false" SeqNo="60" DisplayLength="0" Description="" Help="" SortNo="0" DisplayLogic="" ObscureType="" InfoFactoryClass="" isMandatory="" DefaultValue="" PreferredWidth="0" HideInListView="false" ADReferenceNameID="" ADReferenceNameValueID="" ADValRuleNameID=""/>
            <field AD_Field_ID="80313" ADColumnNameID="PackBy" ADTableNameID="MM_Package" ADFieldGroupNameID="" ADFieldNameID="PackBy" ADTabNameID="Package" ADWindowNameID="GBV_Package" EntityType="pasta" Name="PackBy" SameLine="false" isCentrallyMaintained="true" Displayed="true" isActive="true" isEncrypted="false" isFieldOnly="false" isHeading="false" isReadOnly="false" SeqNo="70" DisplayLength="12" Description="" Help="" SortNo="0" DisplayLogic="" ObscureType="" InfoFactoryClass="" isMandatory="" DefaultValue="" PreferredWidth="0" HideInListView="false" ADReferenceNameID="" ADReferenceNameValueID="" ADValRuleNameID=""/>
            <field AD_Field_ID="80314" ADColumnNameID="PackDate" ADTableNameID="MM_Package" ADFieldGroupNameID="" ADFieldNameID="PackDate" ADTabNameID="Package" ADWindowNameID="GBV_Package" EntityType="pasta" Name="PackDate" SameLine="true" isCentrallyMaintained="true" Displayed="true" isActive="true" isEncrypted="false" isFieldOnly="false" isHeading="false" isReadOnly="false" SeqNo="80" DisplayLength="29" Description="" Help="" SortNo="0" DisplayLogic="" ObscureType="" InfoFactoryClass="" isMandatory="" DefaultValue="" PreferredWidth="0" HideInListView="false" ADReferenceNameID="" ADReferenceNameValueID="" ADValRuleNameID=""/>
            <field AD_Field_ID="80315" ADColumnNameID="PackStatus" ADTableNameID="MM_Package" ADFieldGroupNameID="" ADFieldNameID="PackStatus" ADTabNameID="Package" ADWindowNameID="GBV_Package" EntityType="pasta" Name="PackStatus" SameLine="false" isCentrallyMaintained="true" Displayed="true" isActive="true" isEncrypted="false" isFieldOnly="false" isHeading="false" isReadOnly="true" SeqNo="90" DisplayLength="2" Description="" Help="" SortNo="0" DisplayLogic="" ObscureType="" InfoFactoryClass="" isMandatory="" DefaultValue="" PreferredWidth="0" HideInListView="false" ADReferenceNameID="" ADReferenceNameValueID="" ADValRuleNameID=""/>
            <field AD_Field_ID="80306" ADColumnNameID="IsActive" ADTableNameID="MM_Package" ADFieldGroupNameID="" ADFieldNameID="Active" ADTabNameID="Package" ADWindowNameID="GBV_Package" EntityType="pasta" Name="Active" SameLine="true" isCentrallyMaintained="true" Displayed="true" isActive="true" isEncrypted="false" isFieldOnly="false" isHeading="false" isReadOnly="false" SeqNo="100" DisplayLength="1" Description="The record is active in the system" Help="There are two methods of making records unavailable in the system: One is to delete the record, the other is to de-activate the record. A de-activated record is not available for selection, but available for reports.&#10;There are two reasons for de-activating and not deleting records:&#10;(1) The system requires the record for audit purposes.&#10;(2) The record is referenced by other records. E.g., you cannot delete a Business Partner, if there are invoices for this partner record existing. You de-activate the Business Partner and prevent that this record is used for future entries." SortNo="0" DisplayLogic="" ObscureType="" InfoFactoryClass="" isMandatory="" DefaultValue="" PreferredWidth="0" HideInListView="false" ADReferenceNameID="" ADReferenceNameValueID="" ADValRuleNameID=""/>
            <field AD_Field_ID="80316" ADColumnNameID="Processed" ADTableNameID="MM_Package" ADFieldGroupNameID="" ADFieldNameID="Processed" ADTabNameID="Package" ADWindowNameID="GBV_Package" EntityType="pasta" Name="Processed" SameLine="false" isCentrallyMaintained="true" Displayed="true" isActive="true" isEncrypted="false" isFieldOnly="false" isHeading="false" isReadOnly="false" SeqNo="110" DisplayLength="1" Description="The document has been processed" Help="The Processed checkbox indicates that a document has been processed." SortNo="0" DisplayLogic="@Processed@=Y" ObscureType="" InfoFactoryClass="" isMandatory="" DefaultValue="" PreferredWidth="0" HideInListView="false" ADReferenceNameID="" ADReferenceNameValueID="" ADValRuleNameID=""/>
            <field AD_Field_ID="80312" ADColumnNameID="MM_Package_ID" ADTableNameID="MM_Package" ADFieldGroupNameID="" ADFieldNameID="Package to Customer" ADTabNameID="Package" ADWindowNameID="GBV_Package" ADIncludeTabNameID="Package Line" EntityType="pasta" Name="Package to Customer" SameLine="false" isCentrallyMaintained="true" Displayed="true" isActive="true" isEncrypted="false" isFieldOnly="false" isHeading="false" isReadOnly="false" SeqNo="120" DisplayLength="10" Description="" Help="" SortNo="0" DisplayLogic="" ObscureType="" InfoFactoryClass="" isMandatory="" DefaultValue="" PreferredWidth="0" HideInListView="false" ADReferenceNameID="" ADReferenceNameValueID="" ADValRuleNameID=""/>
        </tab>
        <table AD_Table_ID="80013" Name="PackageLine" ADTableNameID="MM_PackageLine" ADWindowNameID="" POWindowNameID="" ADValRuleNameID="" AccessLevel="3" Description="Package to Customer" EntityType="pasta" Help="" ImportTable="N" isChangeLog="false" isActive="true" isDeleteable="true" isHighVolume="false" isSecurityEnabled="false" isView="false" LoadSeq="" ReplicationType="L" TableName="MM_PackageLine">
            <element AD_Element_ID="80089" IsActive="true" ColumnName="MM_PackageLine_ID" Description="" EntityType="pasta" Help="" Name="PackageLine" PrintName="PackageLine" PO_Description="" PO_Name="" PO_Help="" PO_PrintName=""/>
            <column AD_Column_ID="80325" ADColumnNameID="MM_PackageLine_ID" ADProcessNameID="" ADElementNameID="MM_PackageLine_ID" ADReferenceNameID="ID" ADReferenceNameValueID="" ADTableNameID="MM_PackageLine" ADValRuleNameID="" Callout="" ColumnSQL="" ColumnName="MM_PackageLine_ID" DefaultValue="" Description="" EntityType="pasta" FieldLength="10" Help="" isAlwaysUpdateable="false" isIdentifier="false" isKey="true" isMandatory="true" isParent="false" isSelectionColumn="false" isActive="true" isTranslated="false" isUpdateable="false" Name="PackageLine" getIsSyncDatabase="Y" ReadOnlyLogic="" SeqNo="0" VFormat="" ValueMax="" ValueMin="" Version="0" InfoFactoryClass=""/>
            <column AD_Column_ID="80314" ADColumnNameID="MM_Package_ID" ADProcessNameID="" ADElementNameID="MM_Package_ID" ADReferenceNameID="Table Direct" ADReferenceNameValueID="" ADTableNameID="MM_PackageLine" ADValRuleNameID="" Callout="" ColumnSQL="" ColumnName="MM_Package_ID" DefaultValue="" Description="" EntityType="pasta" FieldLength="10" Help="" isAlwaysUpdateable="false" isIdentifier="false" isKey="false" isMandatory="true" isParent="true" isSelectionColumn="false" isActive="true" isTranslated="false" isUpdateable="false" Name="Package to Customer" getIsSyncDatabase="Y" ReadOnlyLogic="" SeqNo="0" VFormat="" ValueMax="" ValueMin="" Version="0" InfoFactoryClass=""/>
            <column AD_Column_ID="80315" ADColumnNameID="AD_Client_ID" ADProcessNameID="" ADElementNameID="AD_Client_ID" ADReferenceNameID="Table Direct" ADReferenceNameValueID="" ADTableNameID="MM_PackageLine" ADValRuleNameID="" Callout="" ColumnSQL="" ColumnName="AD_Client_ID" DefaultValue="" Description="Client/Tenant for this installation." EntityType="pasta" FieldLength="10" Help="A Client is a company or a legal entity. You cannot share data between Clients. Tenant is a synonym for Client." isAlwaysUpdateable="false" isIdentifier="false" isKey="false" isMandatory="true" isParent="false" isSelectionColumn="false" isActive="true" isTranslated="false" isUpdateable="false" Name="Client" getIsSyncDatabase="Y" ReadOnlyLogic="" SeqNo="0" VFormat="" ValueMax="" ValueMin="" Version="0" InfoFactoryClass=""/>
            <column AD_Column_ID="80316" ADColumnNameID="AD_Org_ID" ADProcessNameID="" ADElementNameID="AD_Org_ID" ADReferenceNameID="Table Direct" ADReferenceNameValueID="" ADTableNameID="MM_PackageLine" ADValRuleNameID="" Callout="" ColumnSQL="" ColumnName="AD_Org_ID" DefaultValue="" Description="Organizational entity within client" EntityType="pasta" FieldLength="10" Help="An organization is a unit of your client or legal entity - examples are store, department. You can share data between organizations." isAlwaysUpdateable="false" isIdentifier="false" isKey="false" isMandatory="false" isParent="false" isSelectionColumn="false" isActive="true" isTranslated="false" isUpdateable="false" Name="Organization" getIsSyncDatabase="Y" ReadOnlyLogic="" SeqNo="0" VFormat="" ValueMax="" ValueMin="" Version="0" InfoFactoryClass=""/>
            <column AD_Column_ID="80317" ADColumnNameID="IsActive" ADProcessNameID="" ADElementNameID="IsActive" ADReferenceNameID="Yes-No" ADReferenceNameValueID="" ADTableNameID="MM_PackageLine" ADValRuleNameID="" Callout="" ColumnSQL="" ColumnName="IsActive" DefaultValue="" Description="The record is active in the system" EntityType="pasta" FieldLength="1" Help="There are two methods of making records unavailable in the system: One is to delete the record, the other is to de-activate the record. A de-activated record is not available for selection, but available for reports.&#10;There are two reasons for de-activating and not deleting records:&#10;(1) The system requires the record for audit purposes.&#10;(2) The record is referenced by other records. E.g., you cannot delete a Business Partner, if there are invoices for this partner record existing. You de-activate the Business Partner and prevent that this record is used for future entries." isAlwaysUpdateable="false" isIdentifier="false" isKey="false" isMandatory="true" isParent="false" isSelectionColumn="false" isActive="true" isTranslated="false" isUpdateable="true" Name="Active" getIsSyncDatabase="Y" ReadOnlyLogic="" SeqNo="0" VFormat="" ValueMax="" ValueMin="" Version="0" InfoFactoryClass=""/>
            <column AD_Column_ID="80318" ADColumnNameID="Created" ADProcessNameID="" ADElementNameID="Created" ADReferenceNameID="Date+Time" ADReferenceNameValueID="" ADTableNameID="MM_PackageLine" ADValRuleNameID="" Callout="" ColumnSQL="" ColumnName="Created" DefaultValue="" Description="Date this record was created" EntityType="pasta" FieldLength="29" Help="The Created field indicates the date that this record was created." isAlwaysUpdateable="false" isIdentifier="false" isKey="false" isMandatory="true" isParent="false" isSelectionColumn="false" isActive="true" isTranslated="false" isUpdateable="false" Name="Created" getIsSyncDatabase="Y" ReadOnlyLogic="" SeqNo="0" VFormat="" ValueMax="" ValueMin="" Version="0" InfoFactoryClass=""/>
            <column AD_Column_ID="80319" ADColumnNameID="CreatedBy" ADProcessNameID="" ADElementNameID="CreatedBy" ADReferenceNameID="Table" ADReferenceNameValueID="AD_User" ADTableNameID="MM_PackageLine" ADValRuleNameID="" Callout="" ColumnSQL="" ColumnName="CreatedBy" DefaultValue="" Description="User who created this records" EntityType="pasta" FieldLength="10" Help="The Created By field indicates the user who created this record." isAlwaysUpdateable="false" isIdentifier="false" isKey="false" isMandatory="true" isParent="false" isSelectionColumn="false" isActive="true" isTranslated="false" isUpdateable="false" Name="Created By" getIsSyncDatabase="Y" ReadOnlyLogic="" SeqNo="0" VFormat="" ValueMax="" ValueMin="" Version="0" InfoFactoryClass=""/>
            <column AD_Column_ID="80320" ADColumnNameID="Updated" ADProcessNameID="" ADElementNameID="Updated" ADReferenceNameID="Date+Time" ADReferenceNameValueID="" ADTableNameID="MM_PackageLine" ADValRuleNameID="" Callout="" ColumnSQL="" ColumnName="Updated" DefaultValue="" Description="Date this record was updated" EntityType="pasta" FieldLength="29" Help="The Updated field indicates the date that this record was updated." isAlwaysUpdateable="false" isIdentifier="false" isKey="false" isMandatory="true" isParent="false" isSelectionColumn="false" isActive="true" isTranslated="false" isUpdateable="false" Name="Updated" getIsSyncDatabase="Y" ReadOnlyLogic="" SeqNo="0" VFormat="" ValueMax="" ValueMin="" Version="0" InfoFactoryClass=""/>
            <column AD_Column_ID="80321" ADColumnNameID="UpdatedBy" ADProcessNameID="" ADElementNameID="UpdatedBy" ADReferenceNameID="Table" ADReferenceNameValueID="AD_User" ADTableNameID="MM_PackageLine" ADValRuleNameID="" Callout="" ColumnSQL="" ColumnName="UpdatedBy" DefaultValue="" Description="User who updated this records" EntityType="pasta" FieldLength="10" Help="The Updated By field indicates the user who updated this record." isAlwaysUpdateable="false" isIdentifier="false" isKey="false" isMandatory="true" isParent="false" isSelectionColumn="false" isActive="true" isTranslated="false" isUpdateable="false" Name="Updated By" getIsSyncDatabase="Y" ReadOnlyLogic="" SeqNo="0" VFormat="" ValueMax="" ValueMin="" Version="0" InfoFactoryClass=""/>
            <element AD_Element_ID="561" IsActive="true" ColumnName="C_OrderLine_ID" Description="Sales Order Line" EntityType="D" Help="The Sales Order Line is a unique identifier for a line in an order." Name="Sales Order Line" PrintName="Order Line" PO_Description="Purchase Order Line" PO_Name="Purchase Order Line" PO_Help="The Purchase Order Line is a unique identifier for a line in an order." PO_PrintName="Order Line"/>
            <dynvalrule AD_Val_Rule_ID="203" Name="C_OrderLine of Order" Code="C_OrderLine.C_Order_ID=@C_Order_ID@" Description="" EntityType="D" Type="S" isActive="true"/>
            <column AD_Column_ID="80322" ADColumnNameID="C_OrderLine_ID" ADProcessNameID="" ADElementNameID="C_OrderLine_ID" ADReferenceNameID="Table Direct" ADReferenceNameValueID="" ADTableNameID="MM_PackageLine" ADValRuleNameID="C_OrderLine of Order" Callout="" ColumnSQL="" ColumnName="C_OrderLine_ID" DefaultValue="" Description="Sales Order Line" EntityType="pasta" FieldLength="10" Help="The Sales Order Line is a unique identifier for a line in an order." isAlwaysUpdateable="false" isIdentifier="false" isKey="false" isMandatory="true" isParent="false" isSelectionColumn="false" isActive="true" isTranslated="false" isUpdateable="true" Name="Sales Order Line" getIsSyncDatabase="Y" ReadOnlyLogic="" SeqNo="0" VFormat="" ValueMax="" ValueMin="" Version="0" InfoFactoryClass=""/>
            <element AD_Element_ID="454" IsActive="true" ColumnName="M_Product_ID" Description="Product, Service, Item" EntityType="D" Help="Identifies an item which is either purchased or sold in this organization." Name="Product" PrintName="Product" PO_Description="" PO_Name="" PO_Help="" PO_PrintName=""/>
            <column AD_Column_ID="80323" ADColumnNameID="M_Product_ID" ADProcessNameID="" ADElementNameID="M_Product_ID" ADReferenceNameID="Table Direct" ADReferenceNameValueID="" ADTableNameID="MM_PackageLine" ADValRuleNameID="" Callout="" ColumnSQL="" ColumnName="M_Product_ID" DefaultValue="" Description="Product, Service, Item" EntityType="pasta" FieldLength="10" Help="Identifies an item which is either purchased or sold in this organization." isAlwaysUpdateable="false" isIdentifier="false" isKey="false" isMandatory="true" isParent="false" isSelectionColumn="false" isActive="true" isTranslated="false" isUpdateable="true" Name="Product" getIsSyncDatabase="Y" ReadOnlyLogic="" SeqNo="0" VFormat="" ValueMax="" ValueMin="" Version="0" InfoFactoryClass=""/>
            <element AD_Element_ID="80088" IsActive="true" ColumnName="PackQty" Description="" EntityType="pasta" Help="" Name="PackQty" PrintName="Pack Qty" PO_Description="" PO_Name="" PO_Help="" PO_PrintName=""/>
            <reference AD_Reference_ID="29" name="Quantity" Description="Quantity data type" EntityType="D" Help="" Name="Quantity" isActive="true" VFormat="" ValidationType="D"/>
            <column AD_Column_ID="80324" ADColumnNameID="PackQty" ADProcessNameID="" ADElementNameID="PackQty" ADReferenceNameID="Quantity" ADReferenceNameValueID="" ADTableNameID="MM_PackageLine" ADValRuleNameID="" Callout="" ColumnSQL="" ColumnName="PackQty" DefaultValue="" Description="" EntityType="pasta" FieldLength="20" Help="" isAlwaysUpdateable="false" isIdentifier="false" isKey="false" isMandatory="true" isParent="false" isSelectionColumn="false" isActive="true" isTranslated="false" isUpdateable="true" Name="PackQty" getIsSyncDatabase="Y" ReadOnlyLogic="" SeqNo="0" VFormat="" ValueMax="" ValueMin="" Version="0" InfoFactoryClass=""/>
            <element AD_Element_ID="80079" IsActive="true" ColumnName="M_PicklistLine_ID" Description="" EntityType="pasta" Help="" Name="Picklist Line" PrintName="Picklist Line" PO_Description="" PO_Name="" PO_Help="" PO_PrintName=""/>
            <column AD_Column_ID="80337" ADColumnNameID="M_PicklistLine_ID" ADProcessNameID="" ADElementNameID="M_PicklistLine_ID" ADReferenceNameID="Table Direct" ADReferenceNameValueID="" ADTableNameID="MM_PackageLine" ADValRuleNameID="" Callout="" ColumnSQL="" ColumnName="M_PicklistLine_ID" DefaultValue="" Description="" EntityType="pasta" FieldLength="10" Help="" isAlwaysUpdateable="false" isIdentifier="false" isKey="false" isMandatory="false" isParent="false" isSelectionColumn="false" isActive="true" isTranslated="false" isUpdateable="false" Name="Picklist Line" getIsSyncDatabase="Y" ReadOnlyLogic="" SeqNo="0" VFormat="" ValueMax="" ValueMin="" Version="0" InfoFactoryClass=""/>
        </table>
        <tab AD_Tab_ID="80015" Name="Package Line" ADColumnSortOrderNameID="" ADColumnSortYesNoNameID="" ADColumnNameID="" ADImageNameID="" ADProcessNameID="" ADTabNameID="Package Line" ADTableNameID="MM_PackageLine" ADWindowNameID="GBV_Package" IncludedTabNameID="" CommitWarning="" Description="" EntityType="pasta" isHasTree="false" Help="" isInfoTab="false" isReadOnly="false" isSingleRow="false" isSortTab="false" isActive="true" IsTranslationTab="false" OrderByClause="" isProcessing="false" SeqNo="20" TabLevel="1" WhereClause="" ReadOnlyLogic="" DisplayLogic="" isInsertRecord="true" isAdvancedTab="false" Syncfields="false">
            <field AD_Field_ID="80317" ADColumnNameID="IsActive" ADTableNameID="MM_PackageLine" ADFieldGroupNameID="" ADFieldNameID="Active" ADTabNameID="Package Line" ADWindowNameID="GBV_Package" EntityType="pasta" Name="Active" SameLine="false" isCentrallyMaintained="true" Displayed="false" isActive="true" isEncrypted="false" isFieldOnly="false" isHeading="false" isReadOnly="false" SeqNo="0" DisplayLength="1" Description="The record is active in the system" Help="There are two methods of making records unavailable in the system: One is to delete the record, the other is to de-activate the record. A de-activated record is not available for selection, but available for reports.&#10;There are two reasons for de-activating and not deleting records:&#10;(1) The system requires the record for audit purposes.&#10;(2) The record is referenced by other records. E.g., you cannot delete a Business Partner, if there are invoices for this partner record existing. You de-activate the Business Partner and prevent that this record is used for future entries." SortNo="0" DisplayLogic="" ObscureType="" InfoFactoryClass="" isMandatory="" DefaultValue="" PreferredWidth="0" HideInListView="false" ADReferenceNameID="" ADReferenceNameValueID="" ADValRuleNameID=""/>
            <field AD_Field_ID="80320" ADColumnNameID="MM_Package_ID" ADTableNameID="MM_PackageLine" ADFieldGroupNameID="" ADFieldNameID="Package to Customer" ADTabNameID="Package Line" ADWindowNameID="GBV_Package" EntityType="pasta" Name="Package to Customer" SameLine="false" isCentrallyMaintained="true" Displayed="false" isActive="true" isEncrypted="false" isFieldOnly="false" isHeading="false" isReadOnly="false" SeqNo="0" DisplayLength="10" Description="" Help="" SortNo="0" DisplayLogic="" ObscureType="" InfoFactoryClass="" isMandatory="" DefaultValue="" PreferredWidth="0" HideInListView="false" ADReferenceNameID="" ADReferenceNameValueID="" ADValRuleNameID=""/>
            <field AD_Field_ID="80326" ADColumnNameID="M_PicklistLine_ID" ADTableNameID="MM_PackageLine" ADFieldGroupNameID="" ADFieldNameID="Picklist Line" ADTabNameID="Package Line" ADWindowNameID="GBV_Package" EntityType="pasta" Name="Picklist Line" SameLine="false" isCentrallyMaintained="true" Displayed="false" isActive="true" isEncrypted="false" isFieldOnly="false" isHeading="false" isReadOnly="false" SeqNo="0" DisplayLength="10" Description="" Help="" SortNo="0" DisplayLogic="" ObscureType="" InfoFactoryClass="" isMandatory="" DefaultValue="" PreferredWidth="0" HideInListView="false" ADReferenceNameID="" ADReferenceNameValueID="" ADValRuleNameID=""/>
            <field AD_Field_ID="80318" ADColumnNameID="AD_Client_ID" ADTableNameID="MM_PackageLine" ADFieldGroupNameID="" ADFieldNameID="Client" ADTabNameID="Package Line" ADWindowNameID="GBV_Package" EntityType="pasta" Name="Client" SameLine="false" isCentrallyMaintained="true" Displayed="true" isActive="true" isEncrypted="false" isFieldOnly="false" isHeading="false" isReadOnly="false" SeqNo="10" DisplayLength="10" Description="Client/Tenant for this installation." Help="A Client is a company or a legal entity. You cannot share data between Clients. Tenant is a synonym for Client." SortNo="0" DisplayLogic="" ObscureType="" InfoFactoryClass="" isMandatory="" DefaultValue="" PreferredWidth="0" HideInListView="false" ADReferenceNameID="" ADReferenceNameValueID="" ADValRuleNameID=""/>
            <field AD_Field_ID="80319" ADColumnNameID="AD_Org_ID" ADTableNameID="MM_PackageLine" ADFieldGroupNameID="" ADFieldNameID="Organization" ADTabNameID="Package Line" ADWindowNameID="GBV_Package" EntityType="pasta" Name="Organization" SameLine="true" isCentrallyMaintained="true" Displayed="true" isActive="true" isEncrypted="false" isFieldOnly="false" isHeading="false" isReadOnly="false" SeqNo="20" DisplayLength="10" Description="Organizational entity within client" Help="An organization is a unit of your client or legal entity - examples are store, department. You can share data between organizations." SortNo="0" DisplayLogic="" ObscureType="" InfoFactoryClass="" isMandatory="" DefaultValue="" PreferredWidth="0" HideInListView="false" ADReferenceNameID="" ADReferenceNameValueID="" ADValRuleNameID=""/>
            <field AD_Field_ID="80324" ADColumnNameID="C_OrderLine_ID" ADTableNameID="MM_PackageLine" ADFieldGroupNameID="" ADFieldNameID="Sales Order Line" ADTabNameID="Package Line" ADWindowNameID="GBV_Package" EntityType="pasta" Name="Sales Order Line" SameLine="false" isCentrallyMaintained="true" Displayed="true" isActive="true" isEncrypted="false" isFieldOnly="false" isHeading="false" isReadOnly="false" SeqNo="30" DisplayLength="10" Description="Sales Order Line" Help="The Sales Order Line is a unique identifier for a line in an order." SortNo="0" DisplayLogic="" ObscureType="" InfoFactoryClass="" isMandatory="" DefaultValue="" PreferredWidth="0" HideInListView="false" ADReferenceNameID="" ADReferenceNameValueID="" ADValRuleNameID=""/>
            <field AD_Field_ID="80323" ADColumnNameID="M_Product_ID" ADTableNameID="MM_PackageLine" ADFieldGroupNameID="" ADFieldNameID="Product" ADTabNameID="Package Line" ADWindowNameID="GBV_Package" EntityType="pasta" Name="Product" SameLine="false" isCentrallyMaintained="true" Displayed="true" isActive="true" isEncrypted="false" isFieldOnly="false" isHeading="false" isReadOnly="true" SeqNo="40" DisplayLength="10" Description="Product, Service, Item" Help="Identifies an item which is either purchased or sold in this organization." SortNo="0" DisplayLogic="" ObscureType="" InfoFactoryClass="" isMandatory="" DefaultValue="" PreferredWidth="0" HideInListView="false" ADReferenceNameID="" ADReferenceNameValueID="" ADValRuleNameID=""/>
            <field AD_Field_ID="80322" ADColumnNameID="PackQty" ADTableNameID="MM_PackageLine" ADFieldGroupNameID="" ADFieldNameID="PackQty" ADTabNameID="Package Line" ADWindowNameID="GBV_Package" EntityType="pasta" Name="PackQty" SameLine="false" isCentrallyMaintained="true" Displayed="true" isActive="true" isEncrypted="false" isFieldOnly="false" isHeading="false" isReadOnly="false" SeqNo="50" DisplayLength="20" Description="" Help="" SortNo="0" DisplayLogic="" ObscureType="" InfoFactoryClass="" isMandatory="" DefaultValue="" PreferredWidth="0" HideInListView="false" ADReferenceNameID="" ADReferenceNameValueID="" ADValRuleNameID=""/>
            <field AD_Field_ID="80321" ADColumnNameID="MM_PackageLine_ID" ADTableNameID="MM_PackageLine" ADFieldGroupNameID="" ADFieldNameID="PackageLine" ADTabNameID="Package Line" ADWindowNameID="GBV_Package" EntityType="pasta" Name="PackageLine" SameLine="false" isCentrallyMaintained="true" Displayed="false" isActive="true" isEncrypted="false" isFieldOnly="false" isHeading="false" isReadOnly="false" SeqNo="0" DisplayLength="10" Description="" Help="" SortNo="0" DisplayLogic="" ObscureType="" InfoFactoryClass="" isMandatory="" DefaultValue="" PreferredWidth="0" HideInListView="false" ADReferenceNameID="" ADReferenceNameValueID="" ADValRuleNameID=""/>
        </tab>
    </window>
</adempiereAD>
