<?xml version="1.0" encoding="ISO-8859-1"?>
<adempiereAD Name="GBV" Version="1" CompVer="Release 3.3.0" DataBase="1" Description="D:\temp\" creator="pasuwatw@gmail.com" creatorcontact="pasuwatw@gmail.com" createddate="2013-12-26 22:47:01" updateddate="2013-12-26 22:47:01" PackOutVer="005">
    <menu ADMenuNameID="GBV Customize" ADWindowNameID="" ADProcessNameID="" ADFormNameID="" ADTaskNameID="" ADWorkbenchNameID="" ADWorkflowNameID="" ADParentMenuNameID="Customize Program" AD_Menu_ID="80048" ADParentSeqno="4" Action="" Description="" EntityType="pasta" isActive="true" isReadOnly="false" isSOTrx="false" isSummary="true">
        <menu ADMenuNameID="GBV_&#3626;&#3619;&#3657;&#3634;&#3591;&#3651;&#3610;&#3649;&#3592;&#3657;&#3591;&#3627;&#3609;&#3637;&#3657;(&#3621;&#3641;&#3585;&#3588;&#3657;&#3634;)&#3604;&#3657;&#3623;&#3618;&#3619;&#3634;&#3588;&#3634;&#3614;&#3636;&#3648;&#3624;&#3625;" ADWindowNameID="" ADProcessNameID="GBV Special Tax Invoice" ADFormNameID="" ADTaskNameID="" ADWorkbenchNameID="" ADWorkflowNameID="" ADParentMenuNameID="GBV Customize" AD_Menu_ID="80050" ADParentSeqno="1" Action="P" Description="" EntityType="pasta" isActive="true" isReadOnly="false" isSOTrx="true" isSummary="false">
            <process AD_Process_ID="80024" Name="GBV Special Tax Invoice" ADWorkflowNameID="" ADProcessNameID="GBV Special Tax Invoice" ADPrintFormatNameID="" ADReportViewNameID="" AccessLevel="3" Classname="org.gbv.process.SpecialInvoiceGenerate" Description="" EntityType="pasta" Help="" isBetaFunctionality="false" isDirectPrint="false" isReport="false" isActive="true" ProcedureName="" StatisticCount="0" StatisticSeconds="0" Value="gbv_special_tax_invoice" WorkflowValue="" ShowHelp="Y" JasperReport="">
                <reference AD_Reference_ID="19" name="Table Direct" Description="Direct Table Access" EntityType="D" Help="" Name="Table Direct" isActive="true" VFormat="" ValidationType="D"/>
                <dynvalrule AD_Val_Rule_ID="215" Name="C_Period Open" Code="(EXISTS ( SELECT * FROM C_PeriodControl pc WHERE C_Period.C_Period_ID = pc.C_Period_ID AND pc.PeriodStatus = 'O') OR EXISTS ( SELECT * FROM C_AcctSchema a, C_Period p WHERE C_Period.C_Period_ID = p.C_Period_ID AND a.AutoPeriodControl = 'Y' AND ( (p.StartDate BETWEEN SYSDATE - a.Period_OpenHistory AND SYSDATE + a.Period_OpenFuture) OR (p.EndDate BETWEEN SYSDATE - a.Period_OpenHistory AND SYSDATE + a.Period_OpenFuture))))" Description="" EntityType="D" Type="S" isActive="true"/>
                <processpara AD_Process_Para_ID="80091" Name="Period" ADProcessValueID="gbv_special_tax_invoice" ADProcessParaNameID="Period" ADElementNameID="C_Period_ID" ADReferenceNameID="Table Direct" ADReferenceValueNameID="" ADValRuleNameID="C_Period Open" ColumnName="C_Period_ID" DefaultValue="" DefaultValue2="" Description="" EntityType="pasta" Help="" isActive="true" VFormat="" ValueMax="" ValueMin="" SeqNo="10" FieldLength="0" isCentrallyMaintained="true" isMandatory="true" isRange="false"/>
                <processpara AD_Process_Para_ID="80092" Name="Tax" ADProcessValueID="gbv_special_tax_invoice" ADProcessParaNameID="Tax" ADElementNameID="C_Tax_ID" ADReferenceNameID="Table Direct" ADReferenceValueNameID="" ADValRuleNameID="" ColumnName="C_Tax_ID" DefaultValue="1000008" DefaultValue2="" Description="" EntityType="pasta" Help="" isActive="true" VFormat="" ValueMax="" ValueMin="" SeqNo="20" FieldLength="0" isCentrallyMaintained="true" isMandatory="true" isRange="false"/>
                <reference AD_Reference_ID="30" name="Search" Description="Search Field" EntityType="D" Help="" Name="Search" isActive="true" VFormat="" ValidationType="D"/>
                <processpara AD_Process_Para_ID="80093" Name="Customer" ADProcessValueID="gbv_special_tax_invoice" ADProcessParaNameID="Customer" ADElementNameID="C_BPartner_ID" ADReferenceNameID="Search" ADReferenceValueNameID="" ADValRuleNameID="" ColumnName="C_BPartner_ID" DefaultValue="" DefaultValue2="" Description="" EntityType="pasta" Help="" isActive="true" VFormat="" ValueMax="" ValueMin="" SeqNo="30" FieldLength="0" isCentrallyMaintained="true" isMandatory="true" isRange="false"/>
                <reference AD_Reference_ID="17" name="List" Description="Reference List" EntityType="D" Help="" Name="List" isActive="true" VFormat="" ValidationType="D"/>
                <processpara AD_Process_Para_ID="80094" Name="Price List" ADProcessValueID="gbv_special_tax_invoice" ADProcessParaNameID="Price List" ADElementNameID="M_PriceList_ID" ADReferenceNameID="List" ADReferenceValueNameID="" ADValRuleNameID="" ColumnName="M_PriceList_ID" DefaultValue="" DefaultValue2="" Description="" EntityType="pasta" Help="" isActive="true" VFormat="" ValueMax="" ValueMin="" SeqNo="40" FieldLength="0" isCentrallyMaintained="true" isMandatory="true" isRange="false"/>
                <reference AD_Reference_ID="131" name="_Document Status" Description="Document Status list" EntityType="D" Help="" Name="_Document Status" isActive="true" VFormat="LL" ValidationType="L">
                    <referencelist AD_Ref_List_ID="190" ADReflistNameID="Unknown" ADRefenceNameID="_Document Status" Description="" EntityType="D" Name="Unknown" isActive="true" Value="??"/>
                    <referencelist AD_Ref_List_ID="166" ADReflistNameID="Approved" ADRefenceNameID="_Document Status" Description="" EntityType="D" Name="Approved" isActive="true" Value="AP"/>
                    <referencelist AD_Ref_List_ID="177" ADReflistNameID="Closed" ADRefenceNameID="_Document Status" Description="" EntityType="D" Name="Closed" isActive="true" Value="CL"/>
                    <referencelist AD_Ref_List_ID="165" ADReflistNameID="Completed" ADRefenceNameID="_Document Status" Description="" EntityType="D" Name="Completed" isActive="true" Value="CO"/>
                    <referencelist AD_Ref_List_ID="164" ADReflistNameID="Drafted" ADRefenceNameID="_Document Status" Description="" EntityType="D" Name="Drafted" isActive="true" Value="DR"/>
                    <referencelist AD_Ref_List_ID="173" ADReflistNameID="Invalid" ADRefenceNameID="_Document Status" Description="" EntityType="D" Name="Invalid" isActive="true" Value="IN"/>
                    <referencelist AD_Ref_List_ID="341" ADReflistNameID="In Progress" ADRefenceNameID="_Document Status" Description="" EntityType="D" Name="In Progress" isActive="true" Value="IP"/>
                    <referencelist AD_Ref_List_ID="168" ADReflistNameID="Not Approved" ADRefenceNameID="_Document Status" Description="" EntityType="D" Name="Not Approved" isActive="true" Value="NA"/>
                    <referencelist AD_Ref_List_ID="176" ADReflistNameID="Reversed" ADRefenceNameID="_Document Status" Description="" EntityType="D" Name="Reversed" isActive="true" Value="RE"/>
                    <referencelist AD_Ref_List_ID="172" ADReflistNameID="Voided" ADRefenceNameID="_Document Status" Description="" EntityType="D" Name="Voided" isActive="true" Value="VO"/>
                    <referencelist AD_Ref_List_ID="670" ADReflistNameID="Waiting Confirmation" ADRefenceNameID="_Document Status" Description="" EntityType="D" Name="Waiting Confirmation" isActive="true" Value="WC"/>
                    <referencelist AD_Ref_List_ID="346" ADReflistNameID="Waiting Payment" ADRefenceNameID="_Document Status" Description="" EntityType="D" Name="Waiting Payment" isActive="true" Value="WP"/>
                </reference>
                <processpara AD_Process_Para_ID="80095" Name="Document Status" ADProcessValueID="gbv_special_tax_invoice" ADProcessParaNameID="Document Status" ADElementNameID="DocStatus" ADReferenceNameID="List" ADReferenceValueNameID="_Document Status" ADValRuleNameID="" ColumnName="DocStatus" DefaultValue="CO" DefaultValue2="" Description="" EntityType="U" Help="" isActive="true" VFormat="" ValueMax="" ValueMin="" SeqNo="50" FieldLength="0" isCentrallyMaintained="true" isMandatory="true" isRange="false"/>
            </process>
        </menu>
        <menu ADMenuNameID="GBV_Generate Delivery Note/Invoice" ADWindowNameID="" ADProcessNameID="Generate Distribution Order/ Invoice" ADFormNameID="" ADTaskNameID="" ADWorkbenchNameID="" ADWorkflowNameID="" ADParentMenuNameID="GBV Customize" AD_Menu_ID="80049" ADParentSeqno="0" Action="P" Description="" EntityType="pasta" isActive="true" isReadOnly="false" isSOTrx="true" isSummary="false">
            <process AD_Process_ID="80023" Name="Generate Distribution Order/ Invoice" ADWorkflowNameID="" ADProcessNameID="Generate Distribution Order/ Invoice" ADPrintFormatNameID="" ADReportViewNameID="" AccessLevel="3" Classname="org.pasta.process.ShipmentInvoiceGenerate" Description="" EntityType="pasta" Help="" isBetaFunctionality="false" isDirectPrint="false" isReport="false" isActive="true" ProcedureName="" StatisticCount="0" StatisticSeconds="0" Value="generate_do_inv" WorkflowValue="" ShowHelp="Y" JasperReport="">
                <dynvalrule AD_Val_Rule_ID="202" Name="AD_Org of Client (excl 0)" Code="AD_Org.AD_Client_ID=@AD_Client_ID@ AND AD_Org.AD_Org_ID&lt;&gt;0" Description="All not 0" EntityType="D" Type="S" isActive="true"/>
                <processpara AD_Process_Para_ID="80083" Name="Organization" ADProcessValueID="generate_do_inv" ADProcessParaNameID="Organization" ADElementNameID="AD_Org_ID" ADReferenceNameID="Table Direct" ADReferenceValueNameID="" ADValRuleNameID="AD_Org of Client (excl 0)" ColumnName="AD_Org_ID" DefaultValue="@#AD_Org_ID@" DefaultValue2="" Description="" EntityType="pasta" Help="" isActive="true" VFormat="" ValueMax="" ValueMin="" SeqNo="10" FieldLength="0" isCentrallyMaintained="true" isMandatory="true" isRange="false"/>
                <reference AD_Reference_ID="10" name="String" Description="Character String" EntityType="D" Help="" Name="String" isActive="true" VFormat="" ValidationType="D"/>
                <processpara AD_Process_Para_ID="80082" Name="Sales Order No." ADProcessValueID="generate_do_inv" ADProcessParaNameID="Sales Order No." ADElementNameID="DocumentNo" ADReferenceNameID="String" ADReferenceValueNameID="" ADValRuleNameID="" ColumnName="DocumentNo" DefaultValue="" DefaultValue2="" Description="" EntityType="pasta" Help="" isActive="true" VFormat="" ValueMax="" ValueMin="" SeqNo="20" FieldLength="0" isCentrallyMaintained="true" isMandatory="true" isRange="false"/>
                <reference AD_Reference_ID="15" name="Date" Description="Date mm/dd/yyyy" EntityType="D" Help="" Name="Date" isActive="true" VFormat="" ValidationType="D"/>
                <processpara AD_Process_Para_ID="80084" Name="Movement Date" ADProcessValueID="generate_do_inv" ADProcessParaNameID="Movement Date" ADElementNameID="MovementDate" ADReferenceNameID="Date" ADReferenceValueNameID="" ADValRuleNameID="" ColumnName="MovementDate" DefaultValue="@#Date@" DefaultValue2="" Description="" EntityType="pasta" Help="" isActive="true" VFormat="" ValueMax="" ValueMin="" SeqNo="30" FieldLength="0" isCentrallyMaintained="true" isMandatory="true" isRange="false"/>
                <processpara AD_Process_Para_ID="80086" Name="Invoice Date" ADProcessValueID="generate_do_inv" ADProcessParaNameID="Invoice Date" ADElementNameID="DateInvoiced" ADReferenceNameID="Date" ADReferenceValueNameID="" ADValRuleNameID="" ColumnName="DateInvoiced" DefaultValue="@#Date@" DefaultValue2="" Description="" EntityType="pasta" Help="" isActive="true" VFormat="" ValueMax="" ValueMin="" SeqNo="40" FieldLength="0" isCentrallyMaintained="true" isMandatory="true" isRange="false"/>
            </process>
        </menu>
        <menu ADMenuNameID="&#3614;&#3636;&#3617;&#3614;&#3660; GBV_Tax Invoice" ADWindowNameID="" ADProcessNameID="GBV Tax Invoice" ADFormNameID="" ADTaskNameID="" ADWorkbenchNameID="" ADWorkflowNameID="" ADParentMenuNameID="GBV Customize" AD_Menu_ID="80051" ADParentSeqno="4" Action="R" Description="" EntityType="pasta" isActive="true" isReadOnly="false" isSOTrx="true" isSummary="false">
            <process AD_Process_ID="80022" Name="GBV Tax Invoice" ADWorkflowNameID="" ADProcessNameID="GBV Tax Invoice" ADPrintFormatNameID="" ADReportViewNameID="" AccessLevel="3" Classname="" Description="" EntityType="pasta" Help="" isBetaFunctionality="false" isDirectPrint="false" isReport="true" isActive="true" ProcedureName="" StatisticCount="0" StatisticSeconds="0" Value="gbv_taxinvoice" WorkflowValue="" ShowHelp="Y" JasperReport="attachment:gbv_taxinvoice.jasper">
                <dynvalrule AD_Val_Rule_ID="116" Name="AD_Client Login" Code="AD_Client.AD_Client_ID=@#AD_Client_ID@" Description="Restrict to login client" EntityType="D" Type="S" isActive="true"/>
                <processpara AD_Process_Para_ID="80087" Name="Client" ADProcessValueID="gbv_taxinvoice" ADProcessParaNameID="Client" ADElementNameID="AD_Client_ID" ADReferenceNameID="Table Direct" ADReferenceValueNameID="" ADValRuleNameID="AD_Client Login" ColumnName="AD_Client_ID" DefaultValue="@#AD_Client_ID@" DefaultValue2="" Description="" EntityType="pasta" Help="" isActive="true" VFormat="" ValueMax="" ValueMin="" SeqNo="10" FieldLength="0" isCentrallyMaintained="true" isMandatory="true" isRange="false"/>
                <processpara AD_Process_Para_ID="80088" Name="Organization" ADProcessValueID="gbv_taxinvoice" ADProcessParaNameID="Organization" ADElementNameID="AD_Org_ID" ADReferenceNameID="Table Direct" ADReferenceValueNameID="" ADValRuleNameID="AD_Org of Client (excl 0)" ColumnName="AD_Org_ID" DefaultValue="@#AD_Org_ID@" DefaultValue2="" Description="" EntityType="pasta" Help="" isActive="true" VFormat="" ValueMax="" ValueMin="" SeqNo="20" FieldLength="0" isCentrallyMaintained="true" isMandatory="true" isRange="false"/>
                <processpara AD_Process_Para_ID="80089" Name="Tax Invoice No." ADProcessValueID="gbv_taxinvoice" ADProcessParaNameID="Tax Invoice No." ADElementNameID="DocumentNo" ADReferenceNameID="String" ADReferenceValueNameID="" ADValRuleNameID="" ColumnName="DocumentNo" DefaultValue="" DefaultValue2="" Description="" EntityType="pasta" Help="" isActive="true" VFormat="" ValueMax="" ValueMin="" SeqNo="30" FieldLength="12" isCentrallyMaintained="true" isMandatory="true" isRange="true"/>
                <processpara AD_Process_Para_ID="80090" Name="Invoice Date" ADProcessValueID="gbv_taxinvoice" ADProcessParaNameID="Invoice Date" ADElementNameID="DateInvoiced" ADReferenceNameID="Date" ADReferenceValueNameID="" ADValRuleNameID="" ColumnName="DateInvoiced" DefaultValue="" DefaultValue2="" Description="" EntityType="pasta" Help="" isActive="true" VFormat="" ValueMax="" ValueMin="" SeqNo="40" FieldLength="10" isCentrallyMaintained="true" isMandatory="false" isRange="true"/>
            </process>
        </menu>
        <menu ADMenuNameID="&#3614;&#3636;&#3617;&#3614;&#3660; GBV_Delivery Note/Invoice" ADWindowNameID="" ADProcessNameID="GBV Delivery Note/ Invoice" ADFormNameID="" ADTaskNameID="" ADWorkbenchNameID="" ADWorkflowNameID="" ADParentMenuNameID="GBV Customize" AD_Menu_ID="80052" ADParentSeqno="3" Action="R" Description="" EntityType="pasta" isActive="true" isReadOnly="false" isSOTrx="true" isSummary="false">
            <process AD_Process_ID="80021" Name="GBV Delivery Note/ Invoice" ADWorkflowNameID="" ADProcessNameID="GBV Delivery Note/ Invoice" ADPrintFormatNameID="" ADReportViewNameID="" AccessLevel="3" Classname="" Description="" EntityType="pasta" Help="" isBetaFunctionality="false" isDirectPrint="false" isReport="true" isActive="true" ProcedureName="" StatisticCount="0" StatisticSeconds="0" Value="gbv_do_inv_frm" WorkflowValue="" ShowHelp="Y" JasperReport="attachment:gbv_do_inv_frm.jasper">
                <processpara AD_Process_Para_ID="80077" Name="Client" ADProcessValueID="gbv_do_inv_frm" ADProcessParaNameID="Client" ADElementNameID="AD_Client_ID" ADReferenceNameID="Table Direct" ADReferenceValueNameID="" ADValRuleNameID="AD_Client Login" ColumnName="AD_Client_ID" DefaultValue="@#AD_Client_ID@" DefaultValue2="" Description="" EntityType="pasta" Help="" isActive="true" VFormat="" ValueMax="" ValueMin="" SeqNo="10" FieldLength="0" isCentrallyMaintained="true" isMandatory="true" isRange="false"/>
                <processpara AD_Process_Para_ID="80078" Name="Organization" ADProcessValueID="gbv_do_inv_frm" ADProcessParaNameID="Organization" ADElementNameID="AD_Org_ID" ADReferenceNameID="Table Direct" ADReferenceValueNameID="" ADValRuleNameID="AD_Org of Client (excl 0)" ColumnName="AD_Org_ID" DefaultValue="@#AD_Org_ID@" DefaultValue2="" Description="" EntityType="pasta" Help="" isActive="true" VFormat="" ValueMax="" ValueMin="" SeqNo="20" FieldLength="0" isCentrallyMaintained="true" isMandatory="true" isRange="false"/>
                <processpara AD_Process_Para_ID="80080" Name="Delivery Note/ Invoice No." ADProcessValueID="gbv_do_inv_frm" ADProcessParaNameID="Delivery Note/ Invoice No." ADElementNameID="DocumentNo" ADReferenceNameID="String" ADReferenceValueNameID="" ADValRuleNameID="" ColumnName="DocumentNo" DefaultValue="" DefaultValue2="" Description="" EntityType="pasta" Help="" isActive="true" VFormat="" ValueMax="" ValueMin="" SeqNo="30" FieldLength="12" isCentrallyMaintained="true" isMandatory="true" isRange="true"/>
                <processpara AD_Process_Para_ID="80081" Name="Invoice Date" ADProcessValueID="gbv_do_inv_frm" ADProcessParaNameID="Invoice Date" ADElementNameID="DateInvoiced" ADReferenceNameID="Date" ADReferenceValueNameID="" ADValRuleNameID="" ColumnName="DateInvoiced" DefaultValue="" DefaultValue2="" Description="" EntityType="pasta" Help="" isActive="true" VFormat="" ValueMax="" ValueMin="" SeqNo="40" FieldLength="10" isCentrallyMaintained="true" isMandatory="false" isRange="true"/>
            </process>
        </menu>
    </menu>
</adempiereAD>
