<?xml version="1.0" encoding="ISO-8859-1"?>
<adempiereAD Name="GBV_Print_Pack_Sticker" Version="1" CompVer="Release 3.3.0" DataBase="1" Description="D:\temp\" creator="pasuwatw@gmail.com" creatorcontact="pasuwatw@gmail.com" createddate="2014-01-27 23:25:04" updateddate="2014-01-27 23:25:04" PackOutVer="005">
    <process AD_Process_ID="80020" Name="Print Packaging Sticker" ADWorkflowNameID="" ADProcessNameID="Print Packaging Sticker" ADPrintFormatNameID="" ADReportViewNameID="" AccessLevel="3" Classname="" Description="" EntityType="pasta" Help="" isBetaFunctionality="false" isDirectPrint="false" isReport="true" isActive="true" ProcedureName="" StatisticCount="0" StatisticSeconds="0" Value="wm003" WorkflowValue="" ShowHelp="Y" JasperReport="attachment:gbv_pack_sticker.jasper">
        <reference AD_Reference_ID="19" name="Table Direct" Description="Direct Table Access" EntityType="D" Help="" Name="Table Direct" isActive="true" VFormat="" ValidationType="D"/>
        <reference AD_Reference_ID="129" name="AD_Client" Description="Client selection" EntityType="D" Help="" Name="AD_Client" isActive="true" VFormat="" ValidationType="T">
            <referencetable AD_Reference_ID="129" ADRefenceNameID="AD_Client" ADTableNameID="AD_Client" ADDisplay="Name" Key="AD_Client_ID" EntityType="D" IsValueDisplayed="N" OrderByClause="AD_Client.Name" isActive="Y" WhereClause=""/>
        </reference>
        <dynvalrule AD_Val_Rule_ID="116" Name="AD_Client Login" Code="AD_Client.AD_Client_ID=@#AD_Client_ID@" Description="Restrict to login client" EntityType="D" Type="S" isActive="true"/>
        <processpara AD_Process_Para_ID="80072" Name="Client" ADProcessValueID="wm003" ADProcessParaNameID="Client" ADElementNameID="AD_Client_ID" ADReferenceNameID="Table Direct" ADReferenceValueNameID="AD_Client" ADValRuleNameID="AD_Client Login" ColumnName="AD_Client_ID" DefaultValue="@#AD_Client_ID@" DefaultValue2="" Description="" EntityType="pasta" Help="" isActive="true" VFormat="" ValueMax="" ValueMin="" SeqNo="10" FieldLength="0" isCentrallyMaintained="true" isMandatory="true" isRange="false"/>
        <reference AD_Reference_ID="130" name="AD_Org (Trx)" Description="Organization selection, no summary, no 0" EntityType="D" Help="" Name="AD_Org (Trx)" isActive="true" VFormat="" ValidationType="T">
            <referencetable AD_Reference_ID="130" ADRefenceNameID="AD_Org (Trx)" ADTableNameID="AD_Org" ADDisplay="Name" Key="AD_Org_ID" EntityType="D" IsValueDisplayed="Y" OrderByClause="AD_Org.Name" isActive="Y" WhereClause="AD_Org.IsSummary='N' AND AD_Org_ID &lt;&gt; 0"/>
        </reference>
        <dynvalrule AD_Val_Rule_ID="104" Name="AD_Org Security validation" Code="(AD_Org.IsSummary='N' OR AD_Org.AD_Org_ID=0)" Description="Not Summary - 0 - Organizations of the Client with user acces rights" EntityType="D" Type="S" isActive="true"/>
        <processpara AD_Process_Para_ID="80073" Name="Organization" ADProcessValueID="wm003" ADProcessParaNameID="Organization" ADElementNameID="AD_Org_ID" ADReferenceNameID="Table Direct" ADReferenceValueNameID="AD_Org (Trx)" ADValRuleNameID="AD_Org Security validation" ColumnName="AD_Org_ID" DefaultValue="@#AD_Org_ID@" DefaultValue2="" Description="" EntityType="pasta" Help="" isActive="true" VFormat="" ValueMax="" ValueMin="" SeqNo="20" FieldLength="0" isCentrallyMaintained="true" isMandatory="true" isRange="false"/>
        <processpara AD_Process_Para_ID="80074" Name="Years" ADProcessValueID="wm003" ADProcessParaNameID="Years" ADElementNameID="C_Year_ID" ADReferenceNameID="Table Direct" ADReferenceValueNameID="" ADValRuleNameID="" ColumnName="C_Year_ID" DefaultValue="@SQL=SELECT C_Year.C_Year_ID as DefaultValue FROM C_Year WHERE C_Year.FiscalYear = to_char(add_months('@#Date@',0),'YYYY') AND C_Year.AD_Client_ID = @AD_Client_ID@" DefaultValue2="" Description="" EntityType="pasta" Help="" isActive="true" VFormat="" ValueMax="" ValueMin="" SeqNo="30" FieldLength="0" isCentrallyMaintained="true" isMandatory="true" isRange="false"/>
        <reference AD_Reference_ID="30" name="Search" Description="Search Field" EntityType="D" Help="" Name="Search" isActive="true" VFormat="" ValidationType="D"/>
        <reference AD_Reference_ID="290" name="C_Order" Description="Order" EntityType="D" Help="" Name="C_Order" isActive="true" VFormat="" ValidationType="T">
            <referencetable AD_Reference_ID="290" ADRefenceNameID="C_Order" ADTableNameID="C_Order" ADDisplay="DocumentNo" Key="C_Order_ID" EntityType="D" IsValueDisplayed="N" OrderByClause="C_Order.DocumentNo" isActive="Y" WhereClause=""/>
        </reference>
        <dynvalrule AD_Val_Rule_ID="80013" Name="C_Order (Complete and IsSOTrx) In Year" Code="(C_Order.IsSOTrx='@IsSOTrx@' AND C_Order.DocStatus='CO') AND EXISTS (SELECT 1 FROM C_Year y WHERE y.C_Year_ID = @C_Year_ID@ AND to_char(C_Order.DateOrdered,'YYYY') = y.FiscalYear)" Description="" EntityType="pasta" Type="S" isActive="true"/>
        <processpara AD_Process_Para_ID="80075" Name="Sales Order" ADProcessValueID="wm003" ADProcessParaNameID="Sales Order" ADElementNameID="C_Order_ID" ADReferenceNameID="Search" ADReferenceValueNameID="C_Order" ADValRuleNameID="C_Order (Complete and IsSOTrx) In Year" ColumnName="C_Order_ID" DefaultValue="" DefaultValue2="" Description="" EntityType="pasta" Help="" isActive="true" VFormat="" ValueMax="" ValueMin="" SeqNo="40" FieldLength="0" isCentrallyMaintained="true" isMandatory="false" isRange="false"/>
        <reference AD_Reference_ID="10" name="String" Description="Character String" EntityType="D" Help="" Name="String" isActive="true" VFormat="" ValidationType="D"/>
        <processpara AD_Process_Para_ID="80076" Name="Pack No" ADProcessValueID="wm003" ADProcessParaNameID="Pack No" ADElementNameID="DocumentNo" ADReferenceNameID="String" ADReferenceValueNameID="" ADValRuleNameID="" ColumnName="DocumentNo" DefaultValue="" DefaultValue2="" Description="" EntityType="pasta" Help="" isActive="true" VFormat="" ValueMax="" ValueMin="" SeqNo="50" FieldLength="0" isCentrallyMaintained="true" isMandatory="false" isRange="false"/>
    </process>
</adempiereAD>
