<?xml version="1.0" encoding="ISO-8859-1"?>
<?xml-stylesheet type="text/css" href="adempiereDocument.css"?>

<adempiereDocument>
<header>WHTaxTrans Install Log</header>
<H3>Package Name:</H3>
<packagename4log>WHTaxTrans</packagename4log>
<H3>Version:</H3>
<Version>1.00</Version>
<H3>Package Install Date:</H3>
<installDate>07/02/11 14:39:11</installDate>
<H3>Min. Compiere Version:</H3>
<CompVer>Release 3.1.0</CompVer>
<H3>Min. Database Date:</H3>
<DataBase>1.00</DataBase>
<Success>Type:Window  -   Name:&#3611;&#3619;&#3632;&#3648;&#3616;&#3607;&#3648;&#3591;&#3636;&#3609;&#3652;&#3604;&#3657;&#3627;&#3633;&#3585; &#3603; &#3607;&#3637;&#3656;&#3592;&#3656;&#3634;&#3618;  -  ID:80001  -  Action:New  -  Success</Success>
<Success>Type:Table  -   Name:Revene Type for Using In Withholding Tax  -  ID:80002  -  Action:New  -  Success</Success>
<Success>Type:Element  -   Name:Revenue Type  -  ID:80011  -  Action:New  -  Success</Success>
<Success>Type:Column  -   Name:Revenue Type  -  ID:80042  -  Action:New  -  Success</Success>
<Success>Type:dbColumn  -   Name:C_RevenueType_ID  -  ID:80042  -  Action:New  -  Success</Success>
<Success>Type:Column  -   Name:Client  -  ID:80035  -  Action:New  -  Success</Success>
<Success>Type:dbColumn  -   Name:AD_Client_ID  -  ID:80035  -  Action:New  -  Success</Success>
<Success>Type:Column  -   Name:Organization  -  ID:80036  -  Action:New  -  Success</Success>
<Success>Type:dbColumn  -   Name:AD_Org_ID  -  ID:80036  -  Action:New  -  Success</Success>
<Success>Type:Column  -   Name:Created  -  ID:80037  -  Action:New  -  Success</Success>
<Success>Type:dbColumn  -   Name:Created  -  ID:80037  -  Action:New  -  Success</Success>
<Success>Type:Column  -   Name:Created By  -  ID:80038  -  Action:New  -  Success</Success>
<Success>Type:dbColumn  -   Name:CreatedBy  -  ID:80038  -  Action:New  -  Success</Success>
<Success>Type:Column  -   Name:Updated  -  ID:80039  -  Action:New  -  Success</Success>
<Success>Type:dbColumn  -   Name:Updated  -  ID:80039  -  Action:New  -  Success</Success>
<Success>Type:Column  -   Name:Updated By  -  ID:80040  -  Action:New  -  Success</Success>
<Success>Type:dbColumn  -   Name:UpdatedBy  -  ID:80040  -  Action:New  -  Success</Success>
<Success>Type:Column  -   Name:Active  -  ID:80041  -  Action:New  -  Success</Success>
<Success>Type:dbColumn  -   Name:IsActive  -  ID:80041  -  Action:New  -  Success</Success>
<Success>Type:Column  -   Name:Search Key  -  ID:80043  -  Action:New  -  Success</Success>
<Success>Type:dbColumn  -   Name:Value  -  ID:80043  -  Action:New  -  Success</Success>
<Success>Type:Column  -   Name:Name  -  ID:80044  -  Action:New  -  Success</Success>
<Success>Type:dbColumn  -   Name:Name  -  ID:80044  -  Action:New  -  Success</Success>
<Success>Type:Tab  -   Name:&#3611;&#3619;&#3632;&#3648;&#3616;&#3607;&#3648;&#3591;&#3636;&#3609;&#3652;&#3604;&#3657;&#3627;&#3633;&#3585; &#3603; &#3607;&#3637;&#3656;&#3592;&#3656;&#3634;&#3618;  -  ID:80001  -  Action:New  -  Success</Success>
<Success>Type:Field  -   Name:Client  -  ID:80022  -  Action:New  -  Success</Success>
<Success>Type:Field  -   Name:Organization  -  ID:80024  -  Action:New  -  Success</Success>
<Success>Type:Field  -   Name:Search Key  -  ID:80026  -  Action:New  -  Success</Success>
<Success>Type:Field  -   Name:Name  -  ID:80023  -  Action:New  -  Success</Success>
<Success>Type:Field  -   Name:Active  -  ID:80021  -  Action:New  -  Success</Success>
<Success>Type:Field  -   Name:Revenue Type  -  ID:80025  -  Action:New  -  Success</Success>
<Success>Type:Window  -   Name:&#3627;&#3609;&#3633;&#3591;&#3626;&#3639;&#3629;&#3619;&#3633;&#3610;&#3619;&#3629;&#3591; &#3627;&#3633;&#3585; &#3603; &#3607;&#3637;&#3656;&#3592;&#3656;&#3634;&#3618;  -  ID:80000  -  Action:New  -  Success</Success>
<Success>Type:Table  -   Name:Withholding Tax Transaction  -  ID:80000  -  Action:New  -  Success</Success>
<Success>Type:Element  -   Name:Withholding Tax Transaction  -  ID:80005  -  Action:New  -  Success</Success>
<Success>Type:Column  -   Name:Withholding Tax Transaction  -  ID:80005  -  Action:New  -  Success</Success>
<Success>Type:dbColumn  -   Name:C_WHTaxTrans_ID  -  ID:80005  -  Action:New  -  Success</Success>
<Success>Type:Column  -   Name:Client  -  ID:80006  -  Action:New  -  Success</Success>
<Success>Type:dbColumn  -   Name:AD_Client_ID  -  ID:80006  -  Action:New  -  Success</Success>
<Success>Type:Column  -   Name:Organization  -  ID:80007  -  Action:New  -  Success</Success>
<Success>Type:dbColumn  -   Name:AD_Org_ID  -  ID:80007  -  Action:New  -  Success</Success>
<Success>Type:Column  -   Name:Created  -  ID:80008  -  Action:New  -  Success</Success>
<Success>Type:dbColumn  -   Name:Created  -  ID:80008  -  Action:New  -  Success</Success>
<Success>Type:Column  -   Name:Created By  -  ID:80009  -  Action:New  -  Success</Success>
<Success>Type:dbColumn  -   Name:CreatedBy  -  ID:80009  -  Action:New  -  Success</Success>
<Success>Type:Column  -   Name:Updated  -  ID:80010  -  Action:New  -  Success</Success>
<Success>Type:dbColumn  -   Name:Updated  -  ID:80010  -  Action:New  -  Success</Success>
<Success>Type:Column  -   Name:Updated By  -  ID:80011  -  Action:New  -  Success</Success>
<Success>Type:dbColumn  -   Name:UpdatedBy  -  ID:80011  -  Action:New  -  Success</Success>
<Success>Type:Column  -   Name:Active  -  ID:80012  -  Action:New  -  Success</Success>
<Success>Type:dbColumn  -   Name:IsActive  -  ID:80012  -  Action:New  -  Success</Success>
<Success>Type:Column  -   Name:Document Date  -  ID:80013  -  Action:New  -  Success</Success>
<Success>Type:dbColumn  -   Name:DateDoc  -  ID:80013  -  Action:New  -  Success</Success>
<Success>Type:Column  -   Name:Document No  -  ID:80014  -  Action:New  -  Success</Success>
<Success>Type:dbColumn  -   Name:DocumentNo  -  ID:80014  -  Action:New  -  Success</Success>
<Success>Type:Column  -   Name:Business Partner   -  ID:80015  -  Action:New  -  Success</Success>
<Success>Type:dbColumn  -   Name:C_BPartner_ID  -  ID:80015  -  Action:New  -  Success</Success>
<Success>Type:Element  -   Name:Tax Customer Name  -  ID:80001  -  Action:Update  -  Success</Success>
<Success>Type:Column  -   Name:Tax Customer Name  -  ID:80016  -  Action:New  -  Success</Success>
<Success>Type:dbColumn  -   Name:ActualTaxBPartnerName  -  ID:80016  -  Action:New  -  Success</Success>
<Success>Type:Column  -   Name:Partner Location  -  ID:80017  -  Action:New  -  Success</Success>
<Success>Type:dbColumn  -   Name:C_BPartner_Location_ID  -  ID:80017  -  Action:New  -  Success</Success>
<Success>Type:Element  -   Name:Tax Address  -  ID:80000  -  Action:Update  -  Success</Success>
<Success>Type:Column  -   Name:Tax Address  -  ID:80018  -  Action:New  -  Success</Success>
<Success>Type:dbColumn  -   Name:ActualTaxAddress  -  ID:80018  -  Action:New  -  Success</Success>
<Success>Type:Element  -   Name:Phor Ngor Dor Type  -  ID:80006  -  Action:New  -  Success</Success>
<Success>Type:Column  -   Name:Phor Ngor Dor Type  -  ID:80019  -  Action:New  -  Success</Success>
<Success>Type:dbColumn  -   Name:PNDType  -  ID:80019  -  Action:New  -  Success</Success>
<Success>Type:Column  -   Name:Sequence  -  ID:80020  -  Action:New  -  Success</Success>
<Success>Type:dbColumn  -   Name:SeqNo  -  ID:80020  -  Action:New  -  Success</Success>
<Success>Type:Element  -   Name:Withholding Tax Type  -  ID:80007  -  Action:New  -  Success</Success>
<Success>Type:Column  -   Name:Withholding Tax Type  -  ID:80021  -  Action:New  -  Success</Success>
<Success>Type:dbColumn  -   Name:WHTaxType  -  ID:80021  -  Action:New  -  Success</Success>
<Success>Type:Element  -   Name:Withholding Tax Type Other  -  ID:80008  -  Action:New  -  Success</Success>
<Success>Type:Column  -   Name:Withholding Tax Type Other  -  ID:80022  -  Action:New  -  Success</Success>
<Success>Type:dbColumn  -   Name:WHTaxTypeOthers  -  ID:80022  -  Action:New  -  Success</Success>
<Success>Type:Column  -   Name:Tax ID  -  ID:80023  -  Action:New  -  Success</Success>
<Success>Type:dbColumn  -   Name:TaxID  -  ID:80023  -  Action:New  -  Success</Success>
<Success>Type:Element  -   Name:Citizen ID  -  ID:80009  -  Action:New  -  Success</Success>
<Success>Type:Column  -   Name:Citizen ID  -  ID:80024  -  Action:New  -  Success</Success>
<Success>Type:dbColumn  -   Name:CitizenID  -  ID:80024  -  Action:New  -  Success</Success>
<Success>Type:Column  -   Name:Total Amount  -  ID:80059  -  Action:New  -  Success</Success>
<Success>Type:Element  -   Name:Witholding Amount  -  ID:80020  -  Action:New  -  Success</Success>
<Success>Type:Column  -   Name:Witholding Amount  -  ID:80060  -  Action:New  -  Success</Success>
<Success>Type:Column  -   Name:Payment  -  ID:80061  -  Action:New  -  Success</Success>
<Success>Type:dbColumn  -   Name:C_Payment_ID  -  ID:80061  -  Action:New  -  Success</Success>
<Success>Type:Tab  -   Name:&#3627;&#3609;&#3633;&#3591;&#3626;&#3639;&#3629;&#3619;&#3633;&#3610;&#3619;&#3629;&#3591; &#3627;&#3633;&#3585; &#3603; &#3607;&#3637;&#3656;&#3592;&#3656;&#3634;&#3618;  -  ID:80000  -  Action:New  -  Success</Success>
<Success>Type:Field  -   Name:Client  -  ID:80008  -  Action:New  -  Success</Success>
<Success>Type:Field  -   Name:Organization  -  ID:80011  -  Action:New  -  Success</Success>
<Success>Type:Field  -   Name:Sequence  -  ID:80014  -  Action:New  -  Success</Success>
<Success>Type:Field  -   Name:Document No  -  ID:80010  -  Action:New  -  Success</Success>
<Success>Type:Field  -   Name:Document Date  -  ID:80009  -  Action:New  -  Success</Success>
<Success>Type:Field  -   Name:Tax ID  -  ID:80017  -  Action:New  -  Success</Success>
<Success>Type:Field  -   Name:Citizen ID  -  ID:80007  -  Action:New  -  Success</Success>
<Success>Type:Field  -   Name:Business Partner   -  ID:80006  -  Action:New  -  Success</Success>
<Success>Type:Field  -   Name:Partner Location  -  ID:80012  -  Action:New  -  Success</Success>
<Success>Type:Field  -   Name:Tax Customer Name  -  ID:80016  -  Action:New  -  Success</Success>
<Success>Type:Field  -   Name:Tax Address  -  ID:80015  -  Action:New  -  Success</Success>
<Success>Type:Reference  -   Name:C_WHTaxTrans PND Types  -  ID:80000  -  Action:New  -  Success</Success>
<Success>Type:Reference List  -   Name:&#3616;.&#3591;.&#3604;.1 &#3585;  -  ID:80000  -  Action:New  -  Success</Success>
<Success>Type:Reference List  -   Name:&#3616;.&#3591;.&#3604;.1&#3585; &#3614;&#3636;&#3648;&#3624;&#3625;  -  ID:80001  -  Action:New  -  Success</Success>
<Success>Type:Reference List  -   Name:&#3616;.&#3591;.&#3604;.2  -  ID:80002  -  Action:New  -  Success</Success>
<Success>Type:Reference List  -   Name:&#3616;.&#3591;.&#3604;.2&#3585;  -  ID:80003  -  Action:New  -  Success</Success>
<Success>Type:Reference List  -   Name:&#3616;.&#3591;.&#3604;.3  -  ID:80004  -  Action:New  -  Success</Success>
<Success>Type:Reference List  -   Name:&#3616;.&#3591;.&#3604;.3&#3585;  -  ID:80005  -  Action:New  -  Success</Success>
<Success>Type:Reference List  -   Name:&#3616;.&#3591;.&#3604;.53  -  ID:80006  -  Action:New  -  Success</Success>
<Success>Type:Field  -   Name:Phor Ngor Dor Type  -  ID:80013  -  Action:New  -  Success</Success>
<Success>Type:Reference  -   Name:C_WHTaxTrans WHTax Type  -  ID:80001  -  Action:New  -  Success</Success>
<Success>Type:Reference List  -   Name:&#3627;&#3633;&#3585; &#3603; &#3607;&#3637;&#3656;&#3592;&#3656;&#3634;&#3618;  -  ID:80007  -  Action:New  -  Success</Success>
<Success>Type:Reference List  -   Name:&#3629;&#3629;&#3585;&#3651;&#3627;&#3657;&#3605;&#3621;&#3629;&#3604;&#3652;&#3611;  -  ID:80008  -  Action:New  -  Success</Success>
<Success>Type:Reference List  -   Name:&#3629;&#3629;&#3585;&#3651;&#3627;&#3657;&#3588;&#3619;&#3633;&#3657;&#3591;&#3648;&#3604;&#3637;&#3618;&#3623;  -  ID:80009  -  Action:New  -  Success</Success>
<Success>Type:Reference List  -   Name:&#3629;&#3639;&#3656;&#3609;&#3654;  -  ID:80010  -  Action:New  -  Success</Success>
<Success>Type:Field  -   Name:Withholding Tax Type  -  ID:80019  -  Action:New  -  Success</Success>
<Success>Type:Field  -   Name:Withholding Tax Type Other  -  ID:80020  -  Action:New  -  Success</Success>
<Success>Type:Field  -   Name:Total Amount  -  ID:80060  -  Action:New  -  Success</Success>
<Success>Type:Field  -   Name:Witholding Amount  -  ID:80061  -  Action:New  -  Success</Success>
<Success>Type:Field  -   Name:Withholding Tax Transaction  -  ID:80018  -  Action:New  -  Success</Success>
<Success>Type:Field  -   Name:Active  -  ID:80005  -  Action:New  -  Success</Success>
<Success>Type:Table  -   Name:Withholding Tax Transaction Line  -  ID:80001  -  Action:New  -  Success</Success>
<Success>Type:Element  -   Name:Withholding Tax Transaction Line  -  ID:80010  -  Action:New  -  Success</Success>
<Success>Type:Column  -   Name:Withholding Tax Transaction Line  -  ID:80034  -  Action:New  -  Success</Success>
<Success>Type:dbColumn  -   Name:C_WHTaxTransLine_ID  -  ID:80034  -  Action:New  -  Success</Success>
<Success>Type:Column  -   Name:Client  -  ID:80026  -  Action:New  -  Success</Success>
<Success>Type:dbColumn  -   Name:AD_Client_ID  -  ID:80026  -  Action:New  -  Success</Success>
<Success>Type:Column  -   Name:Organization  -  ID:80027  -  Action:New  -  Success</Success>
<Success>Type:dbColumn  -   Name:AD_Org_ID  -  ID:80027  -  Action:New  -  Success</Success>
<Success>Type:Column  -   Name:Created  -  ID:80028  -  Action:New  -  Success</Success>
<Success>Type:dbColumn  -   Name:Created  -  ID:80028  -  Action:New  -  Success</Success>
<Success>Type:Column  -   Name:Created By  -  ID:80029  -  Action:New  -  Success</Success>
<Success>Type:dbColumn  -   Name:CreatedBy  -  ID:80029  -  Action:New  -  Success</Success>
<Success>Type:Column  -   Name:Updated  -  ID:80030  -  Action:New  -  Success</Success>
<Success>Type:dbColumn  -   Name:Updated  -  ID:80030  -  Action:New  -  Success</Success>
<Success>Type:Column  -   Name:Updated By  -  ID:80031  -  Action:New  -  Success</Success>
<Success>Type:dbColumn  -   Name:UpdatedBy  -  ID:80031  -  Action:New  -  Success</Success>
<Success>Type:Column  -   Name:Active  -  ID:80032  -  Action:New  -  Success</Success>
<Success>Type:dbColumn  -   Name:IsActive  -  ID:80032  -  Action:New  -  Success</Success>
<Success>Type:Column  -   Name:Withholding Tax Transaction  -  ID:80033  -  Action:New  -  Success</Success>
<Success>Type:dbColumn  -   Name:C_WHTaxTrans_ID  -  ID:80033  -  Action:New  -  Success</Success>
<Success>Type:Column  -   Name:Revenue Type  -  ID:80045  -  Action:New  -  Success</Success>
<Success>Type:dbColumn  -   Name:C_RevenueType_ID  -  ID:80045  -  Action:New  -  Success</Success>
<Success>Type:Element  -   Name:Remark  -  ID:80012  -  Action:New  -  Success</Success>
<Success>Type:Column  -   Name:Remark  -  ID:80046  -  Action:New  -  Success</Success>
<Success>Type:dbColumn  -   Name:Remarks  -  ID:80046  -  Action:New  -  Success</Success>
<Success>Type:Column  -   Name:Transaction Date  -  ID:80047  -  Action:New  -  Success</Success>
<Success>Type:dbColumn  -   Name:DateTrx  -  ID:80047  -  Action:New  -  Success</Success>
<Success>Type:Column  -   Name:Tax base Amount  -  ID:80048  -  Action:New  -  Success</Success>
<Success>Type:dbColumn  -   Name:TaxBaseAmt  -  ID:80048  -  Action:New  -  Success</Success>
<Success>Type:Column  -   Name:Tax Amount  -  ID:80049  -  Action:New  -  Success</Success>
<Success>Type:dbColumn  -   Name:TaxAmt  -  ID:80049  -  Action:New  -  Success</Success>
<Success>Type:Column  -   Name:Withholding  -  ID:80056  -  Action:New  -  Success</Success>
<Success>Type:dbColumn  -   Name:C_Withholding_ID  -  ID:80056  -  Action:New  -  Success</Success>
<Success>Type:Tab  -   Name:&#3585;&#3635;&#3627;&#3609;&#3604;&#3611;&#3619;&#3632;&#3648;&#3616;&#3607;&#3648;&#3591;&#3636;&#3609;&#3652;&#3604;&#3657;  -  ID:80002  -  Action:New  -  Success</Success>
<Success>Type:Field  -   Name:Active  -  ID:80027  -  Action:New  -  Success</Success>
<Success>Type:Field  -   Name:Client  -  ID:80028  -  Action:New  -  Success</Success>
<Success>Type:Field  -   Name:Organization  -  ID:80029  -  Action:New  -  Success</Success>
<Success>Type:Field  -   Name:Withholding Tax Transaction  -  ID:80035  -  Action:New  -  Success</Success>
<Success>Type:Field  -   Name:Revenue Type  -  ID:80031  -  Action:New  -  Success</Success>
<Success>Type:Field  -   Name:Remark  -  ID:80030  -  Action:New  -  Success</Success>
<Success>Type:Field  -   Name:Transaction Date  -  ID:80034  -  Action:New  -  Success</Success>
<Success>Type:Field  -   Name:Withholding  -  ID:80057  -  Action:New  -  Success</Success>
<Success>Type:Field  -   Name:Tax base Amount  -  ID:80033  -  Action:New  -  Success</Success>
<Success>Type:Field  -   Name:Tax Amount  -  ID:80032  -  Action:New  -  Success</Success>
<Success>Type:Field  -   Name:Withholding Tax Transaction Line  -  ID:80036  -  Action:New  -  Success</Success>
<Success>Type:Field  -   Name:Withholding Tax Transaction  -  ID:80018  -  Action:Update  -  Success</Success>
<Success>Type:Menu  -   Name:&#3611;&#3619;&#3632;&#3648;&#3616;&#3607;&#3648;&#3591;&#3636;&#3609;&#3652;&#3604;&#3657;&#3627;&#3633;&#3585; &#3603; &#3607;&#3637;&#3656;&#3592;&#3656;&#3634;&#3618;  -  ID:80001  -  Action:New  -  Success</Success>
<Success>Type:Menu  -   Name:&#3627;&#3609;&#3633;&#3591;&#3626;&#3639;&#3629;&#3619;&#3633;&#3610;&#3619;&#3629;&#3591; &#3627;&#3633;&#3585; &#3603; &#3607;&#3637;&#3656;&#3592;&#3656;&#3634;&#3618;  -  ID:80000  -  Action:New  -  Success</Success>
</adempiereDocument>
