<?xml version="1.0" encoding="ISO-8859-1"?>
<adempiereAD Name="PURCHASE_VAT_REPORT" Version="1.00" CompVer="Release 3.3.0" DataBase="1.00" Description="Purchase VAT Report" creator="pasuwatw@gmail.com" creatorcontact="pasuwatw@gmail.com" createddate="2011-04-23 14:24:19" updateddate="2011-04-23 14:24:19" PackOutVer="005">
    <menu ADMenuNameID="&#3619;&#3634;&#3618;&#3591;&#3634;&#3609;&#3616;&#3634;&#3625;&#3637;&#3595;&#3639;&#3657;&#3629;" ADWindowNameID="" ADProcessNameID="&#3619;&#3634;&#3618;&#3591;&#3634;&#3609;&#3616;&#3634;&#3625;&#3637;&#3595;&#3639;&#3657;&#3629;" ADFormNameID="" ADTaskNameID="" ADWorkbenchNameID="" ADWorkflowNameID="" AD_Menu_ID="80002" ADParentSeqno="13" Action="R" Description="" EntityType="U" isActive="true" isReadOnly="false" isSOTrx="false" isSummary="false">
        <process AD_Process_ID="80002" Name="&#3619;&#3634;&#3618;&#3591;&#3634;&#3609;&#3616;&#3634;&#3625;&#3637;&#3595;&#3639;&#3657;&#3629;" ADWorkflowNameID="" ADProcessNameID="&#3619;&#3634;&#3618;&#3591;&#3634;&#3609;&#3616;&#3634;&#3625;&#3637;&#3595;&#3639;&#3657;&#3629;" ADPrintFormatNameID="" ADReportViewNameID="" AccessLevel="3" Classname="" Description="&#3619;&#3634;&#3618;&#3591;&#3634;&#3609;&#3616;&#3634;&#3625;&#3637;&#3595;&#3639;&#3657;&#3629;" EntityType="U" Help="" isBetaFunctionality="false" isDirectPrint="false" isReport="false" isActive="true" ProcedureName="" StatisticCount="0" StatisticSeconds="0" Value="loc01" WorkflowValue="" ShowHelp="Y" JasperReport="attachment:localize01.jrxml">
            <reference AD_Reference_ID="19" name="Table Direct" Description="Direct Table Access" EntityType="D" Help="" Name="Table Direct" isActive="true" VFormat="" ValidationType="D"/>
            <processpara AD_Process_Para_ID="80000" Name="Client" ADProcessValueID="loc01" ADProcessParaNameID="Client" ADElementNameID="AD_Client_ID" ADReferenceNameID="Table Direct" ADReferenceValueNameID="" ADValRuleNameID="" ColumnName="AD_Client_ID" DefaultValue="@#AD_Client_ID@" DefaultValue2="" Description="" EntityType="U" Help="" isActive="true" VFormat="" ValueMax="" ValueMin="" SeqNo="10" FieldLength="0" isCentrallyMaintained="true" isMandatory="true" isRange="false"/>
            <dynvalrule AD_Val_Rule_ID="80000" Name="AD_Org Reporting Organization" Code="AD_Org.IsReportingOrg = 'Y'" Description="" EntityType="U" Type="S" isActive="true"/>
            <processpara AD_Process_Para_ID="80001" Name="Report Organization" ADProcessValueID="loc01" ADProcessParaNameID="Report Organization" ADElementNameID="AD_Org_ID" ADReferenceNameID="Table Direct" ADReferenceValueNameID="" ADValRuleNameID="AD_Org Reporting Organization" ColumnName="AD_Org_ID" DefaultValue="-1" DefaultValue2="" Description="" EntityType="U" Help="" isActive="true" VFormat="" ValueMax="" ValueMin="" SeqNo="20" FieldLength="0" isCentrallyMaintained="false" isMandatory="true" isRange="false"/>
            <reference AD_Reference_ID="18" name="Table" Description="Table List" EntityType="D" Help="" Name="Table" isActive="true" VFormat="" ValidationType="D"/>
            <reference AD_Reference_ID="233" name="C_Period (Open)" Description="Periods Sorted by Date" EntityType="D" Help="" Name="C_Period (Open)" isActive="true" VFormat="" ValidationType="T">
                <referencetable AD_Reference_ID="233" ADRefenceNameID="C_Period (Open)" ADTableNameID="C_Period" ADDisplay="Name" Key="C_Period_ID" EntityType="D" IsValueDisplayed="N" OrderByClause="C_Period.StartDate" isActive="Y" WhereClause="EXISTS (SELECT * FROM C_PeriodControl pc WHERE C_Period.C_Period_ID=pc.C_Period_ID AND pc.PeriodStatus='O')"/>
            </reference>
            <processpara AD_Process_Para_ID="80002" Name="Period" ADProcessValueID="loc01" ADProcessParaNameID="Period" ADElementNameID="C_Period_ID" ADReferenceNameID="Table" ADReferenceValueNameID="C_Period (Open)" ADValRuleNameID="" ColumnName="C_Period_ID" DefaultValue="" DefaultValue2="" Description="" EntityType="U" Help="" isActive="true" VFormat="" ValueMax="" ValueMin="" SeqNo="30" FieldLength="0" isCentrallyMaintained="true" isMandatory="true" isRange="false"/>
            <dynvalrule AD_Val_Rule_ID="124" Name="C_DocType AR/AP Invoices and Credit Memos" Code="C_DocType.DocBaseType IN ('ARI', 'API','ARC','APC','APD','ARD') AND C_DocType.IsSOTrx='@IsSOTrx@'" Description="Document Type AR/AP Invoice and Credit Memos" EntityType="D" Type="S" isActive="true"/>
            <processpara AD_Process_Para_ID="80003" Name="Document Type" ADProcessValueID="loc01" ADProcessParaNameID="Document Type" ADElementNameID="C_DocType_ID" ADReferenceNameID="Table Direct" ADReferenceValueNameID="" ADValRuleNameID="C_DocType AR/AP Invoices and Credit Memos" ColumnName="C_DocType_ID" DefaultValue="" DefaultValue2="" Description="" EntityType="U" Help="" isActive="true" VFormat="" ValueMax="" ValueMin="" SeqNo="40" FieldLength="0" isCentrallyMaintained="true" isMandatory="false" isRange="false"/>
            <reference AD_Reference_ID="30" name="Search" Description="Search Field" EntityType="D" Help="" Name="Search" isActive="true" VFormat="" ValidationType="D"/>
            <dynvalrule AD_Val_Rule_ID="230" Name="C_BPartner (Trx)" Code="C_BPartner.IsActive='Y' AND C_BPartner.IsSummary='N'" Description="" EntityType="D" Type="S" isActive="true"/>
            <processpara AD_Process_Para_ID="80004" Name="Vendor" ADProcessValueID="loc01" ADProcessParaNameID="Vendor" ADElementNameID="C_BPartner_ID" ADReferenceNameID="Search" ADReferenceValueNameID="" ADValRuleNameID="C_BPartner (Trx)" ColumnName="C_BPartner_ID" DefaultValue="" DefaultValue2="" Description="" EntityType="U" Help="" isActive="true" VFormat="" ValueMax="" ValueMin="" SeqNo="50" FieldLength="0" isCentrallyMaintained="false" isMandatory="false" isRange="false"/>
        </process>
    </menu>
</adempiereAD>
