<?xml version="1.0" encoding="ISO-8859-1"?>
<?xml-stylesheet type="text/css" href="adempiereDocument.css"?>

<adempiereDocument>
    <header>REPORTING_ORG Package Description</header>
    <H1>Package Name:</H1>
    <packagename>REPORTING_ORG</packagename>
    <H1>Creator:</H1>
    <creator>pasuwatw@gmail.com</creator>
    <H1>Email Address:</H1>
    <creatorcontact>pasuwatw@gmail.com</creatorcontact>
    <H1>Created:</H1>
    <createddate>2011-04-23 14:32:29</createddate>
    <H1>Updated:</H1>
    <updateddate>2011-04-23 14:32:29</updateddate>
    <H1>Description:</H1>
    <description>Reporting Organization for Tax Report &amp; WHTax Report</description>
    <H1>Instructions:</H1>
    <instructions>Reporting Organization for Tax Report &amp; WHTax Report</instructions>
    <H1>Files in Package:</H1>
    <file>File: PackOut.xml</file>
    <filedirectory>Directory: \dict\</filedirectory>
    <filenotes>Notes: Contains all application/object settings for package</filenotes>
</adempiereDocument>
