<?xml version="1.0" encoding="ISO-8859-1"?>
<adempiereAD Name="jobsorder" Version="1.00" CompVer="Release 3.3.0" DataBase="1.00" Description="This package created for for Jobs Order module." creator="pasuwat.w@isec-inc.com" creatorcontact="pasuwat.w@isec-inc.com" createddate="2011-07-24 13:19:07" updateddate="2011-07-24 13:19:07" PackOutVer="005">
    <menu ADMenuNameID="Jobs Order" ADWindowNameID="Jobs Order" ADProcessNameID="" ADFormNameID="" ADTaskNameID="" ADWorkbenchNameID="" ADWorkflowNameID="" AD_Menu_ID="80004" ADParentSeqno="999" Action="W" Description="" EntityType="pasta" isActive="true" isReadOnly="false" isSOTrx="true" isSummary="false">
        <window AD_Window_ID="80002" ADWindowNameID="Jobs Order" ADImageNameID="" ADColorNameID="" Description="" EntityType="pasta" Help="" isBetaFunctionality="false" isDefault="false" isSOTrx="true" isActive="true" Name="Jobs Order" isProcessing="false" WinHeight="" WinWidth="" WindowType="T">
            <table AD_Table_ID="80003" Name="Jobs Order" ADTableNameID="SO_JobsOrder" ADWindowNameID="" POWindowNameID="" ADValRuleNameID="" AccessLevel="3" Description="Jobs Order" EntityType="pasta" Help="" ImportTable="N" isChangeLog="false" isActive="true" isDeleteable="true" isHighVolume="false" isSecurityEnabled="false" isView="false" LoadSeq="" ReplicationType="L" TableName="SO_JobsOrder">
                <element AD_Element_ID="80022" IsActive="true" ColumnName="SO_JobsOrder_ID" Description="" EntityType="pasta" Help="" Name="Jobs Order" PrintName="Jobs Order" PO_Description="" PO_Name="" PO_Help="" PO_PrintName=""/>
                <reference AD_Reference_ID="13" name="ID" Description="10 Digit Identifier" EntityType="D" Help="" Name="ID" isActive="true" VFormat="" ValidationType="D"/>
                <column AD_Column_ID="80070" ADColumnNameID="SO_JobsOrder_ID" ADProcessNameID="" ADElementNameID="SO_JobsOrder_ID" ADReferenceNameID="ID" ADReferenceNameValueID="" ADTableNameID="SO_JobsOrder" ADValRuleNameID="" Callout="" ColumnSQL="" ColumnName="SO_JobsOrder_ID" DefaultValue="" Description="" EntityType="pasta" FieldLength="22" Help="" isAlwaysUpdateable="false" isIdentifier="false" isKey="true" isMandatory="true" isParent="false" isSelectionColumn="false" isActive="true" isTranslated="false" isUpdateable="false" Name="Jobs Order" getIsSyncDatabase="Y" ReadOnlyLogic="" SeqNo="0" VFormat="" ValueMax="" ValueMin="" Version="1" InfoFactoryClass=""/>
                <element AD_Element_ID="102" IsActive="true" ColumnName="AD_Client_ID" Description="Client/Tenant for this installation." EntityType="D" Help="A Client is a company or a legal entity. You cannot share data between Clients. Tenant is a synonym for Client." Name="Client" PrintName="Client" PO_Description="" PO_Name="" PO_Help="" PO_PrintName=""/>
                <reference AD_Reference_ID="19" name="Table Direct" Description="Direct Table Access" EntityType="D" Help="" Name="Table Direct" isActive="true" VFormat="" ValidationType="D"/>
                <dynvalrule AD_Val_Rule_ID="129" Name="AD_Client Trx Security validation" Code="AD_Client.AD_Client_ID &lt;&gt; 0" Description="" EntityType="D" Type="S" isActive="true"/>
                <column AD_Column_ID="80064" ADColumnNameID="AD_Client_ID" ADProcessNameID="" ADElementNameID="AD_Client_ID" ADReferenceNameID="Table Direct" ADReferenceNameValueID="" ADTableNameID="SO_JobsOrder" ADValRuleNameID="AD_Client Trx Security validation" Callout="" ColumnSQL="" ColumnName="AD_Client_ID" DefaultValue="@#AD_Client_ID@" Description="Client/Tenant for this installation." EntityType="pasta" FieldLength="22" Help="A Client is a company or a legal entity. You cannot share data between Clients. Tenant is a synonym for Client." isAlwaysUpdateable="false" isIdentifier="false" isKey="false" isMandatory="true" isParent="false" isSelectionColumn="false" isActive="true" isTranslated="false" isUpdateable="false" Name="Client" getIsSyncDatabase="Y" ReadOnlyLogic="" SeqNo="0" VFormat="" ValueMax="" ValueMin="" Version="1" InfoFactoryClass=""/>
                <element AD_Element_ID="113" IsActive="true" ColumnName="AD_Org_ID" Description="Organizational entity within client" EntityType="D" Help="An organization is a unit of your client or legal entity - examples are store, department. You can share data between organizations." Name="Organization" PrintName="Organization" PO_Description="" PO_Name="" PO_Help="" PO_PrintName=""/>
                <dynvalrule AD_Val_Rule_ID="104" Name="AD_Org Security validation" Code="(AD_Org.IsSummary='N' OR AD_Org.AD_Org_ID=0)" Description="Not Summary - 0 - Organizations of the Client with user acces rights" EntityType="D" Type="S" isActive="true"/>
                <column AD_Column_ID="80065" ADColumnNameID="AD_Org_ID" ADProcessNameID="" ADElementNameID="AD_Org_ID" ADReferenceNameID="Table Direct" ADReferenceNameValueID="" ADTableNameID="SO_JobsOrder" ADValRuleNameID="AD_Org Security validation" Callout="" ColumnSQL="" ColumnName="AD_Org_ID" DefaultValue="@#AD_Org_ID@" Description="Organizational entity within client" EntityType="pasta" FieldLength="22" Help="An organization is a unit of your client or legal entity - examples are store, department. You can share data between organizations." isAlwaysUpdateable="false" isIdentifier="false" isKey="false" isMandatory="true" isParent="false" isSelectionColumn="false" isActive="true" isTranslated="false" isUpdateable="false" Name="Organization" getIsSyncDatabase="Y" ReadOnlyLogic="" SeqNo="0" VFormat="" ValueMax="" ValueMin="" Version="1" InfoFactoryClass=""/>
                <element AD_Element_ID="245" IsActive="true" ColumnName="Created" Description="Date this record was created" EntityType="D" Help="The Created field indicates the date that this record was created." Name="Created" PrintName="Created" PO_Description="" PO_Name="" PO_Help="" PO_PrintName=""/>
                <reference AD_Reference_ID="16" name="Date+Time" Description="Date with time" EntityType="D" Help="" Name="Date+Time" isActive="true" VFormat="" ValidationType="D"/>
                <column AD_Column_ID="80067" ADColumnNameID="Created" ADProcessNameID="" ADElementNameID="Created" ADReferenceNameID="Date+Time" ADReferenceNameValueID="" ADTableNameID="SO_JobsOrder" ADValRuleNameID="" Callout="" ColumnSQL="" ColumnName="Created" DefaultValue="" Description="Date this record was created" EntityType="pasta" FieldLength="7" Help="The Created field indicates the date that this record was created." isAlwaysUpdateable="false" isIdentifier="false" isKey="false" isMandatory="true" isParent="false" isSelectionColumn="false" isActive="true" isTranslated="false" isUpdateable="false" Name="Created" getIsSyncDatabase="Y" ReadOnlyLogic="" SeqNo="0" VFormat="" ValueMax="" ValueMin="" Version="1" InfoFactoryClass=""/>
                <element AD_Element_ID="246" IsActive="true" ColumnName="CreatedBy" Description="User who created this records" EntityType="D" Help="The Created By field indicates the user who created this record." Name="Created By" PrintName="Created By" PO_Description="" PO_Name="" PO_Help="" PO_PrintName=""/>
                <reference AD_Reference_ID="18" name="Table" Description="Table List" EntityType="D" Help="" Name="Table" isActive="true" VFormat="" ValidationType="D"/>
                <reference AD_Reference_ID="110" name="AD_User" Description="User selection" EntityType="D" Help="" Name="AD_User" isActive="true" VFormat="" ValidationType="T">
                    <referencetable AD_Reference_ID="110" ADRefenceNameID="AD_User" ADTableNameID="AD_User" ADDisplay="Name" Key="AD_User_ID" EntityType="D" IsValueDisplayed="N" OrderByClause="AD_User.Name" isActive="Y" WhereClause=""/>
                </reference>
                <column AD_Column_ID="80068" ADColumnNameID="CreatedBy" ADProcessNameID="" ADElementNameID="CreatedBy" ADReferenceNameID="Table" ADReferenceNameValueID="AD_User" ADTableNameID="SO_JobsOrder" ADValRuleNameID="" Callout="" ColumnSQL="" ColumnName="CreatedBy" DefaultValue="" Description="User who created this records" EntityType="pasta" FieldLength="22" Help="The Created By field indicates the user who created this record." isAlwaysUpdateable="false" isIdentifier="false" isKey="false" isMandatory="true" isParent="false" isSelectionColumn="false" isActive="true" isTranslated="false" isUpdateable="false" Name="Created By" getIsSyncDatabase="Y" ReadOnlyLogic="" SeqNo="0" VFormat="" ValueMax="" ValueMin="" Version="1" InfoFactoryClass=""/>
                <element AD_Element_ID="275" IsActive="true" ColumnName="Description" Description="Optional short description of the record" EntityType="D" Help="A description is limited to 255 characters." Name="Description" PrintName="Description" PO_Description="" PO_Name="" PO_Help="" PO_PrintName=""/>
                <reference AD_Reference_ID="14" name="Text" Description="Character String up to 2000 characters" EntityType="D" Help="" Name="Text" isActive="true" VFormat="" ValidationType="D"/>
                <column AD_Column_ID="80069" ADColumnNameID="Description" ADProcessNameID="" ADElementNameID="Description" ADReferenceNameID="Text" ADReferenceNameValueID="" ADTableNameID="SO_JobsOrder" ADValRuleNameID="" Callout="" ColumnSQL="" ColumnName="Description" DefaultValue="" Description="Optional short description of the record" EntityType="pasta" FieldLength="255" Help="A description is limited to 255 characters." isAlwaysUpdateable="false" isIdentifier="false" isKey="false" isMandatory="false" isParent="false" isSelectionColumn="false" isActive="true" isTranslated="false" isUpdateable="true" Name="Description" getIsSyncDatabase="Y" ReadOnlyLogic="" SeqNo="0" VFormat="" ValueMax="" ValueMin="" Version="1" InfoFactoryClass=""/>
                <element AD_Element_ID="348" IsActive="true" ColumnName="IsActive" Description="The record is active in the system" EntityType="D" Help="There are two methods of making records unavailable in the system: One is to delete the record, the other is to de-activate the record. A de-activated record is not available for selection, but available for reports.&#10;There are two reasons for de-activating and not deleting records:&#10;(1) The system requires the record for audit purposes.&#10;(2) The record is referenced by other records. E.g., you cannot delete a Business Partner, if there are invoices for this partner record existing. You de-activate the Business Partner and prevent that this record is used for future entries." Name="Active" PrintName="Active" PO_Description="" PO_Name="" PO_Help="" PO_PrintName=""/>
                <reference AD_Reference_ID="20" name="Yes-No" Description="CheckBox" EntityType="D" Help="" Name="Yes-No" isActive="true" VFormat="" ValidationType="D"/>
                <column AD_Column_ID="80071" ADColumnNameID="IsActive" ADProcessNameID="" ADElementNameID="IsActive" ADReferenceNameID="Yes-No" ADReferenceNameValueID="" ADTableNameID="SO_JobsOrder" ADValRuleNameID="" Callout="" ColumnSQL="" ColumnName="IsActive" DefaultValue="Y" Description="The record is active in the system" EntityType="pasta" FieldLength="1" Help="There are two methods of making records unavailable in the system: One is to delete the record, the other is to de-activate the record. A de-activated record is not available for selection, but available for reports.&#10;There are two reasons for de-activating and not deleting records:&#10;(1) The system requires the record for audit purposes.&#10;(2) The record is referenced by other records. E.g., you cannot delete a Business Partner, if there are invoices for this partner record existing. You de-activate the Business Partner and prevent that this record is used for future entries." isAlwaysUpdateable="false" isIdentifier="false" isKey="false" isMandatory="true" isParent="false" isSelectionColumn="false" isActive="true" isTranslated="false" isUpdateable="true" Name="Active" getIsSyncDatabase="Y" ReadOnlyLogic="" SeqNo="0" VFormat="" ValueMax="" ValueMin="" Version="1" InfoFactoryClass=""/>
                <element AD_Element_ID="607" IsActive="true" ColumnName="Updated" Description="Date this record was updated" EntityType="D" Help="The Updated field indicates the date that this record was updated." Name="Updated" PrintName="Updated" PO_Description="" PO_Name="" PO_Help="" PO_PrintName=""/>
                <column AD_Column_ID="80074" ADColumnNameID="Updated" ADProcessNameID="" ADElementNameID="Updated" ADReferenceNameID="Date+Time" ADReferenceNameValueID="" ADTableNameID="SO_JobsOrder" ADValRuleNameID="" Callout="" ColumnSQL="" ColumnName="Updated" DefaultValue="" Description="Date this record was updated" EntityType="pasta" FieldLength="7" Help="The Updated field indicates the date that this record was updated." isAlwaysUpdateable="false" isIdentifier="false" isKey="false" isMandatory="true" isParent="false" isSelectionColumn="false" isActive="true" isTranslated="false" isUpdateable="false" Name="Updated" getIsSyncDatabase="Y" ReadOnlyLogic="" SeqNo="0" VFormat="" ValueMax="" ValueMin="" Version="1" InfoFactoryClass=""/>
                <element AD_Element_ID="608" IsActive="true" ColumnName="UpdatedBy" Description="User who updated this records" EntityType="D" Help="The Updated By field indicates the user who updated this record." Name="Updated By" PrintName="Updated By" PO_Description="" PO_Name="" PO_Help="" PO_PrintName=""/>
                <column AD_Column_ID="80075" ADColumnNameID="UpdatedBy" ADProcessNameID="" ADElementNameID="UpdatedBy" ADReferenceNameID="Table" ADReferenceNameValueID="AD_User" ADTableNameID="SO_JobsOrder" ADValRuleNameID="" Callout="" ColumnSQL="" ColumnName="UpdatedBy" DefaultValue="" Description="User who updated this records" EntityType="pasta" FieldLength="22" Help="The Updated By field indicates the user who updated this record." isAlwaysUpdateable="false" isIdentifier="false" isKey="false" isMandatory="true" isParent="false" isSelectionColumn="false" isActive="true" isTranslated="false" isUpdateable="false" Name="Updated By" getIsSyncDatabase="Y" ReadOnlyLogic="" SeqNo="0" VFormat="" ValueMax="" ValueMin="" Version="1" InfoFactoryClass=""/>
                <element AD_Element_ID="290" IsActive="true" ColumnName="DocumentNo" Description="Document sequence number of the document" EntityType="D" Help="The document number is usually automatically generated by the system and determined by the document type of the document. If the document is not saved, the preliminary number is displayed in &quot;&lt;&gt;&quot;.&#10;&#10;If the document type of your document has no automatic document sequence defined, the field is empty if you create a new document. This is for documents which usually have an external number (like vendor invoice).  If you leave the field empty, the system will generate a document number for you. The document sequence used for this fallback number is defined in the &quot;Maintain Sequence&quot; window with the name &quot;DocumentNo_&lt;TableName&gt;&quot;, where TableName is the actual name of the table (e.g. C_Order)." Name="Document No" PrintName="Document No" PO_Description="" PO_Name="" PO_Help="" PO_PrintName=""/>
                <reference AD_Reference_ID="10" name="String" Description="Character String" EntityType="D" Help="" Name="String" isActive="true" VFormat="" ValidationType="D"/>
                <column AD_Column_ID="80076" ADColumnNameID="DocumentNo" ADProcessNameID="" ADElementNameID="DocumentNo" ADReferenceNameID="String" ADReferenceNameValueID="" ADTableNameID="SO_JobsOrder" ADValRuleNameID="" Callout="" ColumnSQL="" ColumnName="DocumentNo" DefaultValue="" Description="Document sequence number of the document" EntityType="pasta" FieldLength="22" Help="The document number is usually automatically generated by the system and determined by the document type of the document. If the document is not saved, the preliminary number is displayed in &quot;&lt;&gt;&quot;.&#10;&#10;If the document type of your document has no automatic document sequence defined, the field is empty if you create a new document. This is for documents which usually have an external number (like vendor invoice).  If you leave the field empty, the system will generate a document number for you. The document sequence used for this fallback number is defined in the &quot;Maintain Sequence&quot; window with the name &quot;DocumentNo_&lt;TableName&gt;&quot;, where TableName is the actual name of the table (e.g. C_Order)." isAlwaysUpdateable="false" isIdentifier="true" isKey="false" isMandatory="true" isParent="false" isSelectionColumn="false" isActive="true" isTranslated="false" isUpdateable="true" Name="Document No" getIsSyncDatabase="Y" ReadOnlyLogic="" SeqNo="0" VFormat="" ValueMax="" ValueMin="" Version="0" InfoFactoryClass=""/>
                <element AD_Element_ID="558" IsActive="true" ColumnName="C_Order_ID" Description="Order" EntityType="D" Help="The Order is a control document.  The  Order is complete when the quantity ordered is the same as the quantity shipped and invoiced.  When you close an order, unshipped (backordered) quantities are cancelled." Name="Order" PrintName="Order" PO_Description="Purchase Order" PO_Name="Purchase Order" PO_Help="The Purchase Order is a control document.  The Purchase Order is complete when the quantity ordered is the same as the quantity shipped and invoiced.  When you close an order, unshipped (backordered) quantities are cancelled." PO_PrintName="Purchase Order"/>
                <reference AD_Reference_ID="30" name="Search" Description="Search Field" EntityType="D" Help="" Name="Search" isActive="true" VFormat="" ValidationType="D"/>
                <dynvalrule AD_Val_Rule_ID="134" Name="C_Order SO to be invoiced" Code="DocStatus NOT IN ('DR','IP')  AND EXISTS (SELECT * FROM C_OrderLine WHERE C_Order.C_Order_ID=C_OrderLine.C_Order_ID AND QtyOrdered &lt;&gt; QtyInvoiced) AND IsSOTrx='Y' AND NOT EXISTS (SELECT * FROM C_Invoice i WHERE i.C_Order_ID=C_Order.C_Order_ID AND i.DocStatus IN ('IP', 'CO', 'CL'))" Description="Ordered &lt;&gt; Invoiced" EntityType="D" Type="S" isActive="true"/>
                <column AD_Column_ID="80077" ADColumnNameID="C_Order_ID" ADProcessNameID="" ADElementNameID="C_Order_ID" ADReferenceNameID="Search" ADReferenceNameValueID="" ADTableNameID="SO_JobsOrder" ADValRuleNameID="C_Order SO to be invoiced" Callout="" ColumnSQL="" ColumnName="C_Order_ID" DefaultValue="" Description="Order" EntityType="pasta" FieldLength="10" Help="The Order is a control document.  The  Order is complete when the quantity ordered is the same as the quantity shipped and invoiced.  When you close an order, unshipped (backordered) quantities are cancelled." isAlwaysUpdateable="false" isIdentifier="false" isKey="false" isMandatory="false" isParent="false" isSelectionColumn="false" isActive="true" isTranslated="false" isUpdateable="true" Name="Order" getIsSyncDatabase="Y" ReadOnlyLogic="" SeqNo="0" VFormat="" ValueMax="" ValueMin="" Version="0" InfoFactoryClass=""/>
                <element AD_Element_ID="80023" IsActive="true" ColumnName="PersonInCharge_ID" Description="" EntityType="pasta" Help="" Name="Person In Charge Of" PrintName="Person In Charge Of" PO_Description="" PO_Name="" PO_Help="" PO_PrintName=""/>
                <reference AD_Reference_ID="286" name="AD_User - Internal" Description="Employee or SalesRep" EntityType="D" Help="" Name="AD_User - Internal" isActive="true" VFormat="" ValidationType="T">
                    <referencetable AD_Reference_ID="286" ADRefenceNameID="AD_User - Internal" ADTableNameID="AD_User" ADDisplay="Name" Key="AD_User_ID" EntityType="D" IsValueDisplayed="N" OrderByClause="" isActive="Y" WhereClause="EXISTS (SELECT * FROM C_BPartner bp WHERE AD_User.C_BPartner_ID=bp.C_BPartner_ID AND (bp.IsEmployee='Y' OR bp.IsSalesRep='Y'))"/>
                </reference>
                <column AD_Column_ID="80079" ADColumnNameID="PersonInCharge_ID" ADProcessNameID="" ADElementNameID="PersonInCharge_ID" ADReferenceNameID="Table" ADReferenceNameValueID="AD_User - Internal" ADTableNameID="SO_JobsOrder" ADValRuleNameID="" Callout="" ColumnSQL="" ColumnName="PersonInCharge_ID" DefaultValue="" Description="" EntityType="pasta" FieldLength="10" Help="" isAlwaysUpdateable="false" isIdentifier="true" isKey="false" isMandatory="true" isParent="false" isSelectionColumn="false" isActive="true" isTranslated="false" isUpdateable="true" Name="Person In Charge Of" getIsSyncDatabase="Y" ReadOnlyLogic="" SeqNo="1" VFormat="" ValueMax="" ValueMin="" Version="0" InfoFactoryClass=""/>
                <element AD_Element_ID="265" IsActive="true" ColumnName="DateDoc" Description="Date of the Document" EntityType="D" Help="The Document Date indicates the date the document was generated.  It may or may not be the same as the accounting date." Name="Document Date" PrintName="Doc date" PO_Description="" PO_Name="" PO_Help="" PO_PrintName=""/>
                <reference AD_Reference_ID="15" name="Date" Description="Date mm/dd/yyyy" EntityType="D" Help="" Name="Date" isActive="true" VFormat="" ValidationType="D"/>
                <column AD_Column_ID="80080" ADColumnNameID="DateDoc" ADProcessNameID="" ADElementNameID="DateDoc" ADReferenceNameID="Date" ADReferenceNameValueID="" ADTableNameID="SO_JobsOrder" ADValRuleNameID="" Callout="" ColumnSQL="" ColumnName="DateDoc" DefaultValue="@#Date@" Description="Date of the Document" EntityType="pasta" FieldLength="10" Help="The Document Date indicates the date the document was generated.  It may or may not be the same as the accounting date." isAlwaysUpdateable="false" isIdentifier="true" isKey="false" isMandatory="true" isParent="false" isSelectionColumn="false" isActive="true" isTranslated="false" isUpdateable="true" Name="Document Date" getIsSyncDatabase="Y" ReadOnlyLogic="" SeqNo="2" VFormat="" ValueMax="" ValueMin="" Version="0" InfoFactoryClass=""/>
                <element AD_Element_ID="2451" IsActive="true" ColumnName="DateRequired" Description="Date when required" EntityType="D" Help="" Name="Date Required" PrintName="Date Required" PO_Description="" PO_Name="" PO_Help="" PO_PrintName=""/>
                <column AD_Column_ID="80081" ADColumnNameID="DateRequired" ADProcessNameID="" ADElementNameID="DateRequired" ADReferenceNameID="Date" ADReferenceNameValueID="" ADTableNameID="SO_JobsOrder" ADValRuleNameID="" Callout="" ColumnSQL="" ColumnName="DateRequired" DefaultValue="" Description="Date when required" EntityType="pasta" FieldLength="10" Help="" isAlwaysUpdateable="false" isIdentifier="false" isKey="false" isMandatory="true" isParent="false" isSelectionColumn="false" isActive="true" isTranslated="false" isUpdateable="true" Name="Date Required" getIsSyncDatabase="Y" ReadOnlyLogic="" SeqNo="0" VFormat="" ValueMax="" ValueMin="" Version="0" InfoFactoryClass=""/>
                <element AD_Element_ID="522" IsActive="true" ColumnName="PriorityRule" Description="Priority of a document" EntityType="D" Help="The Priority indicates the importance (high, medium, low) of this document" Name="Priority" PrintName="Priority" PO_Description="" PO_Name="" PO_Help="" PO_PrintName=""/>
                <reference AD_Reference_ID="17" name="List" Description="Reference List" EntityType="D" Help="" Name="List" isActive="true" VFormat="" ValidationType="D"/>
                <reference AD_Reference_ID="154" name="_PriorityRule" Description="Priority scale list" EntityType="D" Help="" Name="_PriorityRule" isActive="true" VFormat="" ValidationType="L">
                    <referencelist AD_Ref_List_ID="759" ADReflistNameID="Urgent" ADRefenceNameID="_PriorityRule" Description="" EntityType="D" Name="Urgent" isActive="true" Value="1"/>
                    <referencelist AD_Ref_List_ID="229" ADReflistNameID="High" ADRefenceNameID="_PriorityRule" Description="High priority" EntityType="D" Name="High" isActive="true" Value="3"/>
                    <referencelist AD_Ref_List_ID="230" ADReflistNameID="Medium" ADRefenceNameID="_PriorityRule" Description="Medium Priority" EntityType="D" Name="Medium" isActive="true" Value="5"/>
                    <referencelist AD_Ref_List_ID="231" ADReflistNameID="Low" ADRefenceNameID="_PriorityRule" Description="Low priority" EntityType="D" Name="Low" isActive="true" Value="7"/>
                    <referencelist AD_Ref_List_ID="760" ADReflistNameID="Minor" ADRefenceNameID="_PriorityRule" Description="" EntityType="D" Name="Minor" isActive="true" Value="9"/>
                </reference>
                <column AD_Column_ID="80082" ADColumnNameID="PriorityRule" ADProcessNameID="" ADElementNameID="PriorityRule" ADReferenceNameID="List" ADReferenceNameValueID="_PriorityRule" ADTableNameID="SO_JobsOrder" ADValRuleNameID="" Callout="" ColumnSQL="" ColumnName="PriorityRule" DefaultValue="" Description="Priority of a document" EntityType="pasta" FieldLength="1" Help="The Priority indicates the importance (high, medium, low) of this document" isAlwaysUpdateable="false" isIdentifier="false" isKey="false" isMandatory="false" isParent="false" isSelectionColumn="false" isActive="true" isTranslated="false" isUpdateable="true" Name="Priority" getIsSyncDatabase="Y" ReadOnlyLogic="" SeqNo="0" VFormat="" ValueMax="" ValueMin="" Version="0" InfoFactoryClass=""/>
                <element AD_Element_ID="289" IsActive="true" ColumnName="DocStatus" Description="The current status of the document" EntityType="D" Help="The Document Status indicates the status of a document at this time.  If you want to change the document status, use the Document Action field" Name="Document Status" PrintName="Doc Status" PO_Description="" PO_Name="" PO_Help="" PO_PrintName=""/>
                <reference AD_Reference_ID="131" name="_Document Status" Description="Document Status list" EntityType="D" Help="" Name="_Document Status" isActive="true" VFormat="LL" ValidationType="L">
                    <referencelist AD_Ref_List_ID="190" ADReflistNameID="Unknown" ADRefenceNameID="_Document Status" Description="" EntityType="D" Name="Unknown" isActive="true" Value="??"/>
                    <referencelist AD_Ref_List_ID="166" ADReflistNameID="Approved" ADRefenceNameID="_Document Status" Description="" EntityType="D" Name="Approved" isActive="true" Value="AP"/>
                    <referencelist AD_Ref_List_ID="177" ADReflistNameID="Closed" ADRefenceNameID="_Document Status" Description="" EntityType="D" Name="Closed" isActive="true" Value="CL"/>
                    <referencelist AD_Ref_List_ID="165" ADReflistNameID="Completed" ADRefenceNameID="_Document Status" Description="" EntityType="D" Name="Completed" isActive="true" Value="CO"/>
                    <referencelist AD_Ref_List_ID="164" ADReflistNameID="Drafted" ADRefenceNameID="_Document Status" Description="" EntityType="D" Name="Drafted" isActive="true" Value="DR"/>
                    <referencelist AD_Ref_List_ID="173" ADReflistNameID="Invalid" ADRefenceNameID="_Document Status" Description="" EntityType="D" Name="Invalid" isActive="true" Value="IN"/>
                    <referencelist AD_Ref_List_ID="341" ADReflistNameID="In Progress" ADRefenceNameID="_Document Status" Description="" EntityType="D" Name="In Progress" isActive="true" Value="IP"/>
                    <referencelist AD_Ref_List_ID="168" ADReflistNameID="Not Approved" ADRefenceNameID="_Document Status" Description="" EntityType="D" Name="Not Approved" isActive="true" Value="NA"/>
                    <referencelist AD_Ref_List_ID="176" ADReflistNameID="Reversed" ADRefenceNameID="_Document Status" Description="" EntityType="D" Name="Reversed" isActive="true" Value="RE"/>
                    <referencelist AD_Ref_List_ID="172" ADReflistNameID="Voided" ADRefenceNameID="_Document Status" Description="" EntityType="D" Name="Voided" isActive="true" Value="VO"/>
                    <referencelist AD_Ref_List_ID="670" ADReflistNameID="Waiting Confirmation" ADRefenceNameID="_Document Status" Description="" EntityType="D" Name="Waiting Confirmation" isActive="true" Value="WC"/>
                    <referencelist AD_Ref_List_ID="346" ADReflistNameID="Waiting Payment" ADRefenceNameID="_Document Status" Description="" EntityType="D" Name="Waiting Payment" isActive="true" Value="WP"/>
                </reference>
                <column AD_Column_ID="80083" ADColumnNameID="DocStatus" ADProcessNameID="" ADElementNameID="DocStatus" ADReferenceNameID="List" ADReferenceNameValueID="_Document Status" ADTableNameID="SO_JobsOrder" ADValRuleNameID="" Callout="" ColumnSQL="" ColumnName="DocStatus" DefaultValue="DR" Description="The current status of the document" EntityType="pasta" FieldLength="2" Help="The Document Status indicates the status of a document at this time.  If you want to change the document status, use the Document Action field" isAlwaysUpdateable="false" isIdentifier="false" isKey="false" isMandatory="true" isParent="false" isSelectionColumn="false" isActive="true" isTranslated="false" isUpdateable="true" Name="Document Status" getIsSyncDatabase="Y" ReadOnlyLogic="" SeqNo="0" VFormat="" ValueMax="" ValueMin="" Version="0" InfoFactoryClass=""/>
                <element AD_Element_ID="287" IsActive="true" ColumnName="DocAction" Description="The targeted status of the document" EntityType="D" Help="You find the current status in the Document Status field. The options are listed in a popup" Name="Document Action" PrintName="Doc Action" PO_Description="" PO_Name="" PO_Help="" PO_PrintName=""/>
                <reference AD_Reference_ID="28" name="Button" Description="Command Button - starts a process" EntityType="D" Help="" Name="Button" isActive="true" VFormat="" ValidationType="D"/>
                <reference AD_Reference_ID="135" name="_Document Action" Description="Document action list" EntityType="D" Help="" Name="_Document Action" isActive="true" VFormat="LL" ValidationType="L">
                    <referencelist AD_Ref_List_ID="189" ADReflistNameID="&lt;None&gt;" ADRefenceNameID="_Document Action" Description="No action" EntityType="D" Name="&lt;None&gt;" isActive="true" Value="--"/>
                    <referencelist AD_Ref_List_ID="179" ADReflistNameID="Approve" ADRefenceNameID="_Document Action" Description="Approve this transaction" EntityType="D" Name="Approve" isActive="true" Value="AP"/>
                    <referencelist AD_Ref_List_ID="183" ADReflistNameID="Close" ADRefenceNameID="_Document Action" Description="Finally close this transaction. It cannot be re-activated." EntityType="D" Name="Close" isActive="true" Value="CL"/>
                    <referencelist AD_Ref_List_ID="178" ADReflistNameID="Complete" ADRefenceNameID="_Document Action" Description="Generate documents and complete transaction" EntityType="D" Name="Complete" isActive="true" Value="CO"/>
                    <referencelist AD_Ref_List_ID="187" ADReflistNameID="Invalidate" ADRefenceNameID="_Document Action" Description="Invalidate Document" EntityType="D" Name="Invalidate" isActive="true" Value="IN"/>
                    <referencelist AD_Ref_List_ID="181" ADReflistNameID="Post" ADRefenceNameID="_Document Action" Description="Post transaction" EntityType="D" Name="Post" isActive="true" Value="PO"/>
                    <referencelist AD_Ref_List_ID="345" ADReflistNameID="Prepare" ADRefenceNameID="_Document Action" Description="Check Document conistency and check Inventory" EntityType="D" Name="Prepare" isActive="true" Value="PR"/>
                    <referencelist AD_Ref_List_ID="185" ADReflistNameID="Reverse - Accrual" ADRefenceNameID="_Document Action" Description="Reverse by switching Dr/Cr with current date" EntityType="D" Name="Reverse - Accrual" isActive="true" Value="RA"/>
                    <referencelist AD_Ref_List_ID="184" ADReflistNameID="Reverse - Correct" ADRefenceNameID="_Document Action" Description="Reverse Transaction (correction) by reversing sign with same date" EntityType="D" Name="Reverse - Correct" isActive="true" Value="RC"/>
                    <referencelist AD_Ref_List_ID="188" ADReflistNameID="Re-activate" ADRefenceNameID="_Document Action" Description="Reopen Document and Reverse automaticly generated documents; You need to Complete the transaction after the change. " EntityType="D" Name="Re-activate" isActive="true" Value="RE"/>
                    <referencelist AD_Ref_List_ID="180" ADReflistNameID="Reject" ADRefenceNameID="_Document Action" Description="Reject the approval of the document. " EntityType="D" Name="Reject" isActive="true" Value="RJ"/>
                    <referencelist AD_Ref_List_ID="182" ADReflistNameID="Void" ADRefenceNameID="_Document Action" Description="Set all quantities to zero and complete transaction" EntityType="D" Name="Void" isActive="true" Value="VO"/>
                    <referencelist AD_Ref_List_ID="691" ADReflistNameID="Wait Complete" ADRefenceNameID="_Document Action" Description="Wait Condition ok Complete Docuement" EntityType="D" Name="Wait Complete" isActive="true" Value="WC"/>
                    <referencelist AD_Ref_List_ID="347" ADReflistNameID="Unlock" ADRefenceNameID="_Document Action" Description="Unlock Transaction (process error)" EntityType="D" Name="Unlock" isActive="true" Value="XL"/>
                </reference>
                <workflow AD_Workflow_ID="80000" Value="Process_JobsOrder" Name="Process_JobsOrder" ADTableNameID="SO_JobsOrder" ADWorkflowNodeNameID="(Start)" ADWorkflowResponsibleNameID="" ADWorkflowProcessorNameID="" isBetaFunctionality="false" AccessLevel="1" DurationUnit="D" Help="" Description="" EntityType="pasta" Author="Pasta" Version="0" Priority="0" Limit="0" Duration="0" Cost="0" WorkingTime="0" WaitingTime="0" PublishStatus="U" WorkflowType="P" DocValueLogic="" isValid="true">
                    <workflowNode AD_WF_Node_ID="80000" Value="(DocAuto)" Name="(DocAuto)" ADWorkflowNameID="Process_JobsOrder" ADWindowNameID="" ADTaskNameID="" ADProcessNameID="" ADFormNameID="" ADWorkflowBlockNameID="" ADWorkflowResponsibleNameID="" ADImageNameID="" WorkflowNameID="" ADColumnNameID="" isActive="true" Description="(Standard Node)" Help="" isCentrallyMaintained="true" Action="D" EntityType="pasta" XPosition="0" YPosition="0" SubflowExecution="" StartMode="" Priority="0" Duration="0" Cost="0" WorkingTime="0" WaitingTime="0" JoinElement="X" SplitElement="X" WaitTime="0" AttributeName="" AttributeValue="" DocAction="--" DynPriorityUnit="" DynPriorityChange="0"/>
                    <workflowNode AD_WF_Node_ID="80001" Value="(DocComplete)" Name="(DocComplete)" ADWorkflowNameID="Process_JobsOrder" ADWindowNameID="" ADTaskNameID="" ADProcessNameID="" ADFormNameID="" ADWorkflowBlockNameID="" ADWorkflowResponsibleNameID="" ADImageNameID="" WorkflowNameID="" ADColumnNameID="" isActive="true" Description="(Standard Node)" Help="" isCentrallyMaintained="true" Action="D" EntityType="pasta" XPosition="0" YPosition="0" SubflowExecution="" StartMode="" Priority="0" Duration="0" Cost="0" WorkingTime="0" WaitingTime="0" JoinElement="X" SplitElement="X" WaitTime="0" AttributeName="" AttributeValue="" DocAction="CO" DynPriorityUnit="" DynPriorityChange="0"/>
                    <workflowNode AD_WF_Node_ID="80002" Value="(DocPrepare)" Name="(DocPrepare)" ADWorkflowNameID="Process_JobsOrder" ADWindowNameID="" ADTaskNameID="" ADProcessNameID="" ADFormNameID="" ADWorkflowBlockNameID="" ADWorkflowResponsibleNameID="" ADImageNameID="" WorkflowNameID="" ADColumnNameID="" isActive="true" Description="(Standard Node)" Help="" isCentrallyMaintained="true" Action="D" EntityType="pasta" XPosition="0" YPosition="0" SubflowExecution="" StartMode="" Priority="0" Duration="0" Cost="0" WorkingTime="0" WaitingTime="0" JoinElement="X" SplitElement="X" WaitTime="0" AttributeName="" AttributeValue="" DocAction="PR" DynPriorityUnit="" DynPriorityChange="0"/>
                    <workflowNodeNext AD_WF_NodeNext_ID="80002" ADWorkflowNameID="Process_JobsOrder" ADWorkflowNodeNameID="(DocPrepare)" ADWorkflowNodeNextNameID="(DocComplete)" isActive="true" EntityType="pasta" Description="(Standard Transition)" SeqNo="100" IsStdUserWorkflow="false"/>
                    <workflowNode AD_WF_Node_ID="80003" Value="(Start)" Name="(Start)" ADWorkflowNameID="Process_JobsOrder" ADWindowNameID="" ADTaskNameID="" ADProcessNameID="" ADFormNameID="" ADWorkflowBlockNameID="" ADWorkflowResponsibleNameID="" ADImageNameID="" WorkflowNameID="" ADColumnNameID="" isActive="true" Description="(Standard Node)" Help="" isCentrallyMaintained="true" Action="Z" EntityType="pasta" XPosition="0" YPosition="0" SubflowExecution="" StartMode="" Priority="0" Duration="0" Cost="0" WorkingTime="0" WaitingTime="0" JoinElement="X" SplitElement="X" WaitTime="0" AttributeName="" AttributeValue="" DocAction="CO" DynPriorityUnit="" DynPriorityChange="0"/>
                    <workflowNodeNext AD_WF_NodeNext_ID="80000" ADWorkflowNameID="Process_JobsOrder" ADWorkflowNodeNameID="(Start)" ADWorkflowNodeNextNameID="(DocPrepare)" isActive="true" EntityType="pasta" Description="(Standard Approval)" SeqNo="10" IsStdUserWorkflow="true"/>
                    <workflowNodeNext AD_WF_NodeNext_ID="80001" ADWorkflowNameID="Process_JobsOrder" ADWorkflowNodeNameID="(Start)" ADWorkflowNodeNextNameID="(DocAuto)" isActive="true" EntityType="pasta" Description="(Standard Transition)" SeqNo="100" IsStdUserWorkflow="false"/>
                </workflow>
                <process AD_Process_ID="80005" Name="Process Jobs Order" ADWorkflowNameID="Process_JobsOrder" ADProcessNameID="Process Jobs Order" ADPrintFormatNameID="" ADReportViewNameID="" AccessLevel="3" Classname="" Description="" EntityType="pasta" Help="" isBetaFunctionality="false" isDirectPrint="false" isReport="false" isActive="true" ProcedureName="" StatisticCount="0" StatisticSeconds="0" Value="Process_JobsOrder" WorkflowValue="" ShowHelp="Y" JasperReport=""/>
                <column AD_Column_ID="80084" ADColumnNameID="DocAction" ADProcessNameID="Process_JobsOrder" ADElementNameID="DocAction" ADReferenceNameID="Button" ADReferenceNameValueID="_Document Action" ADTableNameID="SO_JobsOrder" ADValRuleNameID="" Callout="" ColumnSQL="" ColumnName="DocAction" DefaultValue="CO" Description="The targeted status of the document" EntityType="pasta" FieldLength="2" Help="You find the current status in the Document Status field. The options are listed in a popup" isAlwaysUpdateable="false" isIdentifier="false" isKey="false" isMandatory="true" isParent="false" isSelectionColumn="false" isActive="true" isTranslated="false" isUpdateable="true" Name="Document Action" getIsSyncDatabase="Y" ReadOnlyLogic="" SeqNo="0" VFormat="" ValueMax="" ValueMin="" Version="0" InfoFactoryClass=""/>
                <element AD_Element_ID="524" IsActive="true" ColumnName="Processing" Description="" EntityType="D" Help="" Name="Process Now" PrintName="Process Now" PO_Description="" PO_Name="" PO_Help="" PO_PrintName=""/>
                <column AD_Column_ID="80085" ADColumnNameID="Processing" ADProcessNameID="" ADElementNameID="Processing" ADReferenceNameID="Yes-No" ADReferenceNameValueID="" ADTableNameID="SO_JobsOrder" ADValRuleNameID="" Callout="" ColumnSQL="" ColumnName="Processing" DefaultValue="N" Description="" EntityType="pasta" FieldLength="1" Help="" isAlwaysUpdateable="false" isIdentifier="false" isKey="false" isMandatory="true" isParent="false" isSelectionColumn="false" isActive="true" isTranslated="false" isUpdateable="true" Name="Process Now" getIsSyncDatabase="Y" ReadOnlyLogic="" SeqNo="0" VFormat="" ValueMax="" ValueMin="" Version="0" InfoFactoryClass=""/>
                <element AD_Element_ID="1047" IsActive="true" ColumnName="Processed" Description="The document has been processed" EntityType="D" Help="The Processed checkbox indicates that a document has been processed." Name="Processed" PrintName="Processed" PO_Description="" PO_Name="" PO_Help="" PO_PrintName=""/>
                <column AD_Column_ID="80086" ADColumnNameID="Processed" ADProcessNameID="" ADElementNameID="Processed" ADReferenceNameID="Yes-No" ADReferenceNameValueID="" ADTableNameID="SO_JobsOrder" ADValRuleNameID="" Callout="" ColumnSQL="" ColumnName="Processed" DefaultValue="N" Description="The document has been processed" EntityType="pasta" FieldLength="1" Help="The Processed checkbox indicates that a document has been processed." isAlwaysUpdateable="false" isIdentifier="false" isKey="false" isMandatory="true" isParent="false" isSelectionColumn="false" isActive="true" isTranslated="false" isUpdateable="true" Name="Processed" getIsSyncDatabase="Y" ReadOnlyLogic="" SeqNo="0" VFormat="" ValueMax="" ValueMin="" Version="0" InfoFactoryClass=""/>
                <element AD_Element_ID="196" IsActive="true" ColumnName="C_DocType_ID" Description="Document type or rules" EntityType="D" Help="The Document Type determines document sequence and processing rules" Name="Document Type" PrintName="Doc Type" PO_Description="" PO_Name="" PO_Help="" PO_PrintName=""/>
                <dynvalrule AD_Val_Rule_ID="80003" Name="C_DocType Proposal" Code="C_DocType.DocBaseType = 'SOO' AND C_DocType.DocSubTypeSO = 'ON'" Description="" EntityType="pasta" Type="S" isActive="true"/>
                <column AD_Column_ID="80087" ADColumnNameID="C_DocType_ID" ADProcessNameID="" ADElementNameID="C_DocType_ID" ADReferenceNameID="Table Direct" ADReferenceNameValueID="" ADTableNameID="SO_JobsOrder" ADValRuleNameID="C_DocType Proposal" Callout="" ColumnSQL="" ColumnName="C_DocType_ID" DefaultValue="@SQL=SELECT C_DocType_ID as DefaultValue FROM C_DocType WHERE C_DocType.AD_Client_ID = @AD_Client_ID@ AND C_DocType.DocBaseType = 'SOO' AND C_DocType.DocSubTypeSO = 'ON'" Description="Document type or rules" EntityType="pasta" FieldLength="10" Help="The Document Type determines document sequence and processing rules" isAlwaysUpdateable="false" isIdentifier="false" isKey="false" isMandatory="false" isParent="false" isSelectionColumn="false" isActive="true" isTranslated="false" isUpdateable="true" Name="Document Type" getIsSyncDatabase="Y" ReadOnlyLogic="" SeqNo="0" VFormat="" ValueMax="" ValueMin="" Version="0" InfoFactoryClass=""/>
                <element AD_Element_ID="187" IsActive="true" ColumnName="C_BPartner_ID" Description="Identifies a Business Partner" EntityType="D" Help="A Business Partner is anyone with whom you transact.  This can include Vendor, Customer, Employee or Salesperson" Name="Business Partner " PrintName="Business Partner " PO_Description="" PO_Name="" PO_Help="" PO_PrintName=""/>
                <column AD_Column_ID="80113" ADColumnNameID="C_BPartner_ID" ADProcessNameID="" ADElementNameID="C_BPartner_ID" ADReferenceNameID="Search" ADReferenceNameValueID="" ADTableNameID="SO_JobsOrder" ADValRuleNameID="" Callout="" ColumnSQL="" ColumnName="C_BPartner_ID" DefaultValue="" Description="Identifies a Business Partner" EntityType="pasta" FieldLength="10" Help="A Business Partner is anyone with whom you transact.  This can include Vendor, Customer, Employee or Salesperson" isAlwaysUpdateable="false" isIdentifier="false" isKey="false" isMandatory="true" isParent="false" isSelectionColumn="false" isActive="true" isTranslated="false" isUpdateable="true" Name="Business Partner " getIsSyncDatabase="Y" ReadOnlyLogic="" SeqNo="0" VFormat="" ValueMax="" ValueMin="" Version="0" InfoFactoryClass=""/>
                <element AD_Element_ID="189" IsActive="true" ColumnName="C_BPartner_Location_ID" Description="Identifies the (ship to) address for this Business Partner" EntityType="D" Help="The Partner address indicates the location of a Business Partner" Name="Partner Location" PrintName="Partner Location" PO_Description="Identifies the (ship from) address for this Business Partner" PO_Name="Partner Location" PO_Help="The Partner address indicates the location of a Business Partner" PO_PrintName="Partner Location"/>
                <dynvalrule AD_Val_Rule_ID="131" Name="C_BPartner_Loc" Code="C_BPartner_Location.C_BPartner_ID=@C_BPartner_ID@" Description="" EntityType="D" Type="S" isActive="true"/>
                <column AD_Column_ID="80114" ADColumnNameID="C_BPartner_Location_ID" ADProcessNameID="" ADElementNameID="C_BPartner_Location_ID" ADReferenceNameID="Table Direct" ADReferenceNameValueID="" ADTableNameID="SO_JobsOrder" ADValRuleNameID="C_BPartner_Loc" Callout="" ColumnSQL="" ColumnName="C_BPartner_Location_ID" DefaultValue="" Description="Identifies the (ship to) address for this Business Partner" EntityType="pasta" FieldLength="10" Help="The Partner address indicates the location of a Business Partner" isAlwaysUpdateable="false" isIdentifier="false" isKey="false" isMandatory="true" isParent="false" isSelectionColumn="false" isActive="true" isTranslated="false" isUpdateable="true" Name="Partner Location" getIsSyncDatabase="Y" ReadOnlyLogic="" SeqNo="0" VFormat="" ValueMax="" ValueMin="" Version="0" InfoFactoryClass=""/>
                <element AD_Element_ID="80025" IsActive="true" ColumnName="SalesOrder_ID" Description="" EntityType="pasta" Help="" Name="Sales Order" PrintName="Sales Order" PO_Description="" PO_Name="" PO_Help="" PO_PrintName=""/>
                <reference AD_Reference_ID="290" name="C_Order" Description="Order" EntityType="D" Help="" Name="C_Order" isActive="true" VFormat="" ValidationType="T">
                    <referencetable AD_Reference_ID="290" ADRefenceNameID="C_Order" ADTableNameID="C_Order" ADDisplay="DocumentNo" Key="C_Order_ID" EntityType="D" IsValueDisplayed="N" OrderByClause="C_Order.DocumentNo" isActive="Y" WhereClause=""/>
                </reference>
                <column AD_Column_ID="80116" ADColumnNameID="SalesOrder_ID" ADProcessNameID="" ADElementNameID="SalesOrder_ID" ADReferenceNameID="Table" ADReferenceNameValueID="C_Order" ADTableNameID="SO_JobsOrder" ADValRuleNameID="" Callout="" ColumnSQL="" ColumnName="SalesOrder_ID" DefaultValue="" Description="" EntityType="pasta" FieldLength="10" Help="" isAlwaysUpdateable="false" isIdentifier="false" isKey="false" isMandatory="false" isParent="false" isSelectionColumn="false" isActive="true" isTranslated="false" isUpdateable="true" Name="Sales Order" getIsSyncDatabase="Y" ReadOnlyLogic="" SeqNo="0" VFormat="" ValueMax="" ValueMin="" Version="0" InfoFactoryClass=""/>
                <element AD_Element_ID="2388" IsActive="true" ColumnName="CreateSO" Description="" EntityType="D" Help="" Name="Create SO" PrintName="Create SO" PO_Description="" PO_Name="" PO_Help="" PO_PrintName=""/>
                <process AD_Process_ID="80006" Name="Process To Generate Jobs Order To Sales Order" ADWorkflowNameID="" ADProcessNameID="Process To Generate Jobs Order To Sales Order" ADPrintFormatNameID="" ADReportViewNameID="" AccessLevel="3" Classname="org.pasta.process.JobsOrderToSO" Description="This Process will convert Product In The Jobs Order To MAterial Product To Create Sales Order" EntityType="pasta" Help="" isBetaFunctionality="false" isDirectPrint="false" isReport="false" isActive="true" ProcedureName="" StatisticCount="0" StatisticSeconds="0" Value="JOBS_ORDER_TO_SALES_ORDER" WorkflowValue="" ShowHelp="Y" JasperReport="">
                    <dynvalrule AD_Val_Rule_ID="271" Name="M_PriceList is SO/PO" Code="M_PriceList.IsSOPriceList = '@IsSOTrx@'" Description="Limits the Sales &amp; Purchase Order window to the correct price lsits" EntityType="D" Type="S" isActive="true"/>
                    <processpara AD_Process_Para_ID="80010" Name="Price List" ADProcessValueID="JOBS_ORDER_TO_SALES_ORDER" ADProcessParaNameID="Price List" ADElementNameID="M_PriceList_ID" ADReferenceNameID="Table Direct" ADReferenceValueNameID="" ADValRuleNameID="M_PriceList is SO/PO" ColumnName="M_PriceList_ID" DefaultValue="" DefaultValue2="" Description="" EntityType="pasta" Help="" isActive="true" VFormat="" ValueMax="" ValueMin="" SeqNo="10" FieldLength="0" isCentrallyMaintained="true" isMandatory="true" isRange="false"/>
                </process>
                <column AD_Column_ID="80117" ADColumnNameID="CreateSO" ADProcessNameID="JOBS_ORDER_TO_SALES_ORDER" ADElementNameID="CreateSO" ADReferenceNameID="Button" ADReferenceNameValueID="" ADTableNameID="SO_JobsOrder" ADValRuleNameID="" Callout="" ColumnSQL="" ColumnName="CreateSO" DefaultValue="N" Description="" EntityType="pasta" FieldLength="1" Help="" isAlwaysUpdateable="true" isIdentifier="false" isKey="false" isMandatory="false" isParent="false" isSelectionColumn="false" isActive="true" isTranslated="false" isUpdateable="true" Name="Create SO" getIsSyncDatabase="Y" ReadOnlyLogic="" SeqNo="0" VFormat="" ValueMax="" ValueMin="" Version="0" InfoFactoryClass=""/>
            </table>
            <tab AD_Tab_ID="80003" Name="Jobs Order" ADColumnSortOrderNameID="" ADColumnSortYesNoNameID="" ADColumnNameID="" ADImageNameID="" ADProcessNameID="" ADTabNameID="Jobs Order" ADTableNameID="SO_JobsOrder" ADWindowNameID="Jobs Order" IncludedTabNameID="" CommitWarning="" Description="" EntityType="pasta" isHasTree="false" Help="" isInfoTab="false" isReadOnly="false" isSingleRow="true" isSortTab="false" isActive="true" IsTranslationTab="false" OrderByClause="" isProcessing="false" SeqNo="10" TabLevel="0" WhereClause="" ReadOnlyLogic="" DisplayLogic="" isInsertRecord="true" isAdvancedTab="false" Syncfields="false">
                <field AD_Field_ID="80064" ADColumnNameID="IsActive" ADTableNameID="SO_JobsOrder" ADFieldGroupNameID="" ADFieldNameID="Active" ADTabNameID="Jobs Order" ADWindowNameID="Jobs Order" EntityType="pasta" Name="Active" SameLine="false" isCentrallyMaintained="true" Displayed="false" isActive="true" isEncrypted="false" isFieldOnly="false" isHeading="false" isReadOnly="false" SeqNo="0" DisplayLength="1" Description="The record is active in the system" Help="There are two methods of making records unavailable in the system: One is to delete the record, the other is to de-activate the record. A de-activated record is not available for selection, but available for reports.&#10;There are two reasons for de-activating and not deleting records:&#10;(1) The system requires the record for audit purposes.&#10;(2) The record is referenced by other records. E.g., you cannot delete a Business Partner, if there are invoices for this partner record existing. You de-activate the Business Partner and prevent that this record is used for future entries." SortNo="0" DisplayLogic="" ObscureType="" InfoFactoryClass="" ADReferenceNameID="" ADReferenceNameValueID="" ADValRuleNameID=""/>
                <field AD_Field_ID="80078" ADColumnNameID="Processing" ADTableNameID="SO_JobsOrder" ADFieldGroupNameID="" ADFieldNameID="Process Now" ADTabNameID="Jobs Order" ADWindowNameID="Jobs Order" EntityType="pasta" Name="Process Now" SameLine="false" isCentrallyMaintained="true" Displayed="false" isActive="true" isEncrypted="false" isFieldOnly="false" isHeading="false" isReadOnly="false" SeqNo="0" DisplayLength="1" Description="" Help="" SortNo="0" DisplayLogic="" ObscureType="" InfoFactoryClass="" ADReferenceNameID="" ADReferenceNameValueID="" ADValRuleNameID=""/>
                <field AD_Field_ID="80065" ADColumnNameID="AD_Client_ID" ADTableNameID="SO_JobsOrder" ADFieldGroupNameID="" ADFieldNameID="Client" ADTabNameID="Jobs Order" ADWindowNameID="Jobs Order" EntityType="pasta" Name="Client" SameLine="false" isCentrallyMaintained="true" Displayed="true" isActive="true" isEncrypted="false" isFieldOnly="false" isHeading="false" isReadOnly="false" SeqNo="10" DisplayLength="0" Description="Client/Tenant for this installation." Help="A Client is a company or a legal entity. You cannot share data between Clients. Tenant is a synonym for Client." SortNo="0" DisplayLogic="" ObscureType="" InfoFactoryClass="" ADReferenceNameID="" ADReferenceNameValueID="" ADValRuleNameID=""/>
                <field AD_Field_ID="80075" ADColumnNameID="AD_Org_ID" ADTableNameID="SO_JobsOrder" ADFieldGroupNameID="" ADFieldNameID="Organization" ADTabNameID="Jobs Order" ADWindowNameID="Jobs Order" EntityType="pasta" Name="Organization" SameLine="true" isCentrallyMaintained="true" Displayed="true" isActive="true" isEncrypted="false" isFieldOnly="false" isHeading="false" isReadOnly="false" SeqNo="20" DisplayLength="0" Description="Organizational entity within client" Help="An organization is a unit of your client or legal entity - examples are store, department. You can share data between organizations." SortNo="0" DisplayLogic="" ObscureType="" InfoFactoryClass="" ADReferenceNameID="" ADReferenceNameValueID="" ADValRuleNameID=""/>
                <field AD_Field_ID="80072" ADColumnNameID="C_DocType_ID" ADTableNameID="SO_JobsOrder" ADFieldGroupNameID="" ADFieldNameID="Document Type" ADTabNameID="Jobs Order" ADWindowNameID="Jobs Order" EntityType="pasta" Name="Document Type" SameLine="false" isCentrallyMaintained="true" Displayed="true" isActive="true" isEncrypted="false" isFieldOnly="false" isHeading="false" isReadOnly="false" SeqNo="30" DisplayLength="0" Description="Document type or rules" Help="The Document Type determines document sequence and processing rules" SortNo="0" DisplayLogic="" ObscureType="" InfoFactoryClass="" ADReferenceNameID="" ADReferenceNameValueID="" ADValRuleNameID=""/>
                <field AD_Field_ID="80074" ADColumnNameID="C_Order_ID" ADTableNameID="SO_JobsOrder" ADFieldGroupNameID="" ADFieldNameID="Order" ADTabNameID="Jobs Order" ADWindowNameID="Jobs Order" EntityType="pasta" Name="Order" SameLine="true" isCentrallyMaintained="true" Displayed="true" isActive="true" isEncrypted="false" isFieldOnly="false" isHeading="false" isReadOnly="false" SeqNo="40" DisplayLength="0" Description="Order" Help="The Order is a control document.  The  Order is complete when the quantity ordered is the same as the quantity shipped and invoiced.  When you close an order, unshipped (backordered) quantities are cancelled." SortNo="0" DisplayLogic="" ObscureType="" InfoFactoryClass="" ADReferenceNameID="" ADReferenceNameValueID="" ADValRuleNameID=""/>
                <field AD_Field_ID="80070" ADColumnNameID="DocumentNo" ADTableNameID="SO_JobsOrder" ADFieldGroupNameID="" ADFieldNameID="Document No" ADTabNameID="Jobs Order" ADWindowNameID="Jobs Order" EntityType="pasta" Name="Document No" SameLine="false" isCentrallyMaintained="true" Displayed="true" isActive="true" isEncrypted="false" isFieldOnly="false" isHeading="false" isReadOnly="false" SeqNo="50" DisplayLength="0" Description="Document sequence number of the document" Help="The document number is usually automatically generated by the system and determined by the document type of the document. If the document is not saved, the preliminary number is displayed in &quot;&lt;&gt;&quot;.&#10;&#10;If the document type of your document has no automatic document sequence defined, the field is empty if you create a new document. This is for documents which usually have an external number (like vendor invoice).  If you leave the field empty, the system will generate a document number for you. The document sequence used for this fallback number is defined in the &quot;Maintain Sequence&quot; window with the name &quot;DocumentNo_&lt;TableName&gt;&quot;, where TableName is the actual name of the table (e.g. C_Order)." SortNo="0" DisplayLogic="" ObscureType="" InfoFactoryClass="" ADReferenceNameID="" ADReferenceNameValueID="" ADValRuleNameID=""/>
                <field AD_Field_ID="80076" ADColumnNameID="PersonInCharge_ID" ADTableNameID="SO_JobsOrder" ADFieldGroupNameID="" ADFieldNameID="Person In Charge Of" ADTabNameID="Jobs Order" ADWindowNameID="Jobs Order" EntityType="pasta" Name="Person In Charge Of" SameLine="false" isCentrallyMaintained="true" Displayed="true" isActive="true" isEncrypted="false" isFieldOnly="false" isHeading="false" isReadOnly="false" SeqNo="60" DisplayLength="0" Description="" Help="" SortNo="0" DisplayLogic="" ObscureType="" InfoFactoryClass="" ADReferenceNameID="" ADReferenceNameValueID="" ADValRuleNameID=""/>
                <field AD_Field_ID="80092" ADColumnNameID="C_BPartner_ID" ADTableNameID="SO_JobsOrder" ADFieldGroupNameID="" ADFieldNameID="Business Partner " ADTabNameID="Jobs Order" ADWindowNameID="Jobs Order" EntityType="pasta" Name="Business Partner " SameLine="false" isCentrallyMaintained="true" Displayed="true" isActive="true" isEncrypted="false" isFieldOnly="false" isHeading="false" isReadOnly="false" SeqNo="70" DisplayLength="10" Description="Identifies a Business Partner" Help="A Business Partner is anyone with whom you transact.  This can include Vendor, Customer, Employee or Salesperson" SortNo="0" DisplayLogic="" ObscureType="" InfoFactoryClass="" ADReferenceNameID="" ADReferenceNameValueID="" ADValRuleNameID=""/>
                <field AD_Field_ID="80093" ADColumnNameID="C_BPartner_Location_ID" ADTableNameID="SO_JobsOrder" ADFieldGroupNameID="" ADFieldNameID="Partner Location" ADTabNameID="Jobs Order" ADWindowNameID="Jobs Order" EntityType="pasta" Name="Partner Location" SameLine="true" isCentrallyMaintained="true" Displayed="true" isActive="true" isEncrypted="false" isFieldOnly="false" isHeading="false" isReadOnly="false" SeqNo="80" DisplayLength="10" Description="Identifies the (ship to) address for this Business Partner" Help="The Partner address indicates the location of a Business Partner" SortNo="0" DisplayLogic="" ObscureType="" InfoFactoryClass="" ADReferenceNameID="" ADReferenceNameValueID="" ADValRuleNameID=""/>
                <field AD_Field_ID="80069" ADColumnNameID="DateDoc" ADTableNameID="SO_JobsOrder" ADFieldGroupNameID="" ADFieldNameID="Document Date" ADTabNameID="Jobs Order" ADWindowNameID="Jobs Order" EntityType="pasta" Name="Document Date" SameLine="false" isCentrallyMaintained="true" Displayed="true" isActive="true" isEncrypted="false" isFieldOnly="false" isHeading="false" isReadOnly="false" SeqNo="90" DisplayLength="0" Description="Date of the Document" Help="The Document Date indicates the date the document was generated.  It may or may not be the same as the accounting date." SortNo="0" DisplayLogic="" ObscureType="" InfoFactoryClass="" ADReferenceNameID="" ADReferenceNameValueID="" ADValRuleNameID=""/>
                <field AD_Field_ID="80066" ADColumnNameID="DateRequired" ADTableNameID="SO_JobsOrder" ADFieldGroupNameID="" ADFieldNameID="Date Required" ADTabNameID="Jobs Order" ADWindowNameID="Jobs Order" EntityType="pasta" Name="Date Required" SameLine="true" isCentrallyMaintained="true" Displayed="true" isActive="true" isEncrypted="false" isFieldOnly="false" isHeading="false" isReadOnly="false" SeqNo="100" DisplayLength="0" Description="Date when required" Help="" SortNo="0" DisplayLogic="" ObscureType="" InfoFactoryClass="" ADReferenceNameID="" ADReferenceNameValueID="" ADValRuleNameID=""/>
                <field AD_Field_ID="80067" ADColumnNameID="Description" ADTableNameID="SO_JobsOrder" ADFieldGroupNameID="" ADFieldNameID="Description" ADTabNameID="Jobs Order" ADWindowNameID="Jobs Order" EntityType="pasta" Name="Description" SameLine="false" isCentrallyMaintained="true" Displayed="true" isActive="true" isEncrypted="false" isFieldOnly="false" isHeading="false" isReadOnly="false" SeqNo="110" DisplayLength="255" Description="Optional short description of the record" Help="A description is limited to 255 characters." SortNo="0" DisplayLogic="" ObscureType="" InfoFactoryClass="" ADReferenceNameID="" ADReferenceNameValueID="" ADValRuleNameID=""/>
                <field AD_Field_ID="80077" ADColumnNameID="PriorityRule" ADTableNameID="SO_JobsOrder" ADFieldGroupNameID="" ADFieldNameID="Priority" ADTabNameID="Jobs Order" ADWindowNameID="Jobs Order" EntityType="pasta" Name="Priority" SameLine="false" isCentrallyMaintained="true" Displayed="true" isActive="true" isEncrypted="false" isFieldOnly="false" isHeading="false" isReadOnly="false" SeqNo="120" DisplayLength="1" Description="Priority of a document" Help="The Priority indicates the importance (high, medium, low) of this document" SortNo="0" DisplayLogic="" ObscureType="" InfoFactoryClass="" ADReferenceNameID="" ADReferenceNameValueID="" ADValRuleNameID=""/>
                <field AD_Field_ID="80071" ADColumnNameID="DocStatus" ADTableNameID="SO_JobsOrder" ADFieldGroupNameID="" ADFieldNameID="Document Status" ADTabNameID="Jobs Order" ADWindowNameID="Jobs Order" EntityType="pasta" Name="Document Status" SameLine="false" isCentrallyMaintained="true" Displayed="true" isActive="true" isEncrypted="false" isFieldOnly="false" isHeading="false" isReadOnly="true" SeqNo="130" DisplayLength="2" Description="The current status of the document" Help="The Document Status indicates the status of a document at this time.  If you want to change the document status, use the Document Action field" SortNo="0" DisplayLogic="" ObscureType="" InfoFactoryClass="" ADReferenceNameID="" ADReferenceNameValueID="" ADValRuleNameID=""/>
                <field AD_Field_ID="80068" ADColumnNameID="DocAction" ADTableNameID="SO_JobsOrder" ADFieldGroupNameID="" ADFieldNameID="Document Action" ADTabNameID="Jobs Order" ADWindowNameID="Jobs Order" EntityType="pasta" Name="Document Action" SameLine="true" isCentrallyMaintained="true" Displayed="true" isActive="true" isEncrypted="false" isFieldOnly="false" isHeading="false" isReadOnly="false" SeqNo="140" DisplayLength="2" Description="The targeted status of the document" Help="You find the current status in the Document Status field. The options are listed in a popup" SortNo="0" DisplayLogic="" ObscureType="" InfoFactoryClass="" ADReferenceNameID="" ADReferenceNameValueID="" ADValRuleNameID=""/>
                <field AD_Field_ID="80079" ADColumnNameID="Processed" ADTableNameID="SO_JobsOrder" ADFieldGroupNameID="" ADFieldNameID="Processed" ADTabNameID="Jobs Order" ADWindowNameID="Jobs Order" EntityType="pasta" Name="Processed" SameLine="false" isCentrallyMaintained="true" Displayed="true" isActive="true" isEncrypted="false" isFieldOnly="false" isHeading="false" isReadOnly="true" SeqNo="150" DisplayLength="1" Description="The document has been processed" Help="The Processed checkbox indicates that a document has been processed." SortNo="0" DisplayLogic="" ObscureType="" InfoFactoryClass="" ADReferenceNameID="" ADReferenceNameValueID="" ADValRuleNameID=""/>
                <field AD_Field_ID="80095" ADColumnNameID="CreateSO" ADTableNameID="SO_JobsOrder" ADFieldGroupNameID="" ADFieldNameID="Create SO" ADTabNameID="Jobs Order" ADWindowNameID="Jobs Order" EntityType="pasta" Name="Create SO" SameLine="true" isCentrallyMaintained="true" Displayed="true" isActive="true" isEncrypted="false" isFieldOnly="false" isHeading="false" isReadOnly="false" SeqNo="160" DisplayLength="0" Description="" Help="" SortNo="0" DisplayLogic="@DocStatus@=CO" ObscureType="" InfoFactoryClass="" ADReferenceNameID="" ADReferenceNameValueID="" ADValRuleNameID=""/>
                <field AD_Field_ID="80073" ADColumnNameID="SO_JobsOrder_ID" ADTableNameID="SO_JobsOrder" ADFieldGroupNameID="" ADFieldNameID="Jobs Order" ADTabNameID="Jobs Order" ADWindowNameID="Jobs Order" EntityType="pasta" Name="Jobs Order" SameLine="false" isCentrallyMaintained="true" Displayed="false" isActive="true" isEncrypted="false" isFieldOnly="false" isHeading="false" isReadOnly="false" SeqNo="0" DisplayLength="22" Description="" Help="" SortNo="0" DisplayLogic="" ObscureType="" InfoFactoryClass="" ADReferenceNameID="" ADReferenceNameValueID="" ADValRuleNameID=""/>
            </tab>
            <table AD_Table_ID="80004" Name="Jobs Order Line" ADTableNameID="SO_JobsOrderLine" ADWindowNameID="" POWindowNameID="" ADValRuleNameID="" AccessLevel="3" Description="" EntityType="pasta" Help="" ImportTable="N" isChangeLog="false" isActive="true" isDeleteable="true" isHighVolume="false" isSecurityEnabled="false" isView="false" LoadSeq="" ReplicationType="L" TableName="SO_JobsOrderLine">
                <element AD_Element_ID="80024" IsActive="true" ColumnName="SO_JobsOrderLine_ID" Description="" EntityType="pasta" Help="" Name="Jobs Order Line" PrintName="Jobs Order Line" PO_Description="" PO_Name="" PO_Help="" PO_PrintName=""/>
                <column AD_Column_ID="80105" ADColumnNameID="SO_JobsOrderLine_ID" ADProcessNameID="" ADElementNameID="SO_JobsOrderLine_ID" ADReferenceNameID="ID" ADReferenceNameValueID="" ADTableNameID="SO_JobsOrderLine" ADValRuleNameID="" Callout="" ColumnSQL="" ColumnName="SO_JobsOrderLine_ID" DefaultValue="" Description="" EntityType="pasta" FieldLength="22" Help="" isAlwaysUpdateable="false" isIdentifier="false" isKey="true" isMandatory="true" isParent="false" isSelectionColumn="false" isActive="true" isTranslated="false" isUpdateable="false" Name="Jobs Order Line" getIsSyncDatabase="Y" ReadOnlyLogic="" SeqNo="0" VFormat="" ValueMax="" ValueMin="" Version="1" InfoFactoryClass=""/>
                <column AD_Column_ID="80088" ADColumnNameID="AD_Client_ID" ADProcessNameID="" ADElementNameID="AD_Client_ID" ADReferenceNameID="Table Direct" ADReferenceNameValueID="" ADTableNameID="SO_JobsOrderLine" ADValRuleNameID="AD_Client Trx Security validation" Callout="" ColumnSQL="" ColumnName="AD_Client_ID" DefaultValue="@#AD_Client_ID@" Description="Client/Tenant for this installation." EntityType="pasta" FieldLength="22" Help="A Client is a company or a legal entity. You cannot share data between Clients. Tenant is a synonym for Client." isAlwaysUpdateable="false" isIdentifier="false" isKey="false" isMandatory="true" isParent="false" isSelectionColumn="false" isActive="true" isTranslated="false" isUpdateable="false" Name="Client" getIsSyncDatabase="Y" ReadOnlyLogic="" SeqNo="0" VFormat="" ValueMax="" ValueMin="" Version="1" InfoFactoryClass=""/>
                <column AD_Column_ID="80089" ADColumnNameID="AD_Org_ID" ADProcessNameID="" ADElementNameID="AD_Org_ID" ADReferenceNameID="Table Direct" ADReferenceNameValueID="" ADTableNameID="SO_JobsOrderLine" ADValRuleNameID="AD_Org Security validation" Callout="" ColumnSQL="" ColumnName="AD_Org_ID" DefaultValue="@#AD_Org_ID@" Description="Organizational entity within client" EntityType="pasta" FieldLength="22" Help="An organization is a unit of your client or legal entity - examples are store, department. You can share data between organizations." isAlwaysUpdateable="false" isIdentifier="false" isKey="false" isMandatory="true" isParent="false" isSelectionColumn="false" isActive="true" isTranslated="false" isUpdateable="false" Name="Organization" getIsSyncDatabase="Y" ReadOnlyLogic="" SeqNo="0" VFormat="" ValueMax="" ValueMin="" Version="1" InfoFactoryClass=""/>
                <column AD_Column_ID="80092" ADColumnNameID="Created" ADProcessNameID="" ADElementNameID="Created" ADReferenceNameID="Date+Time" ADReferenceNameValueID="" ADTableNameID="SO_JobsOrderLine" ADValRuleNameID="" Callout="" ColumnSQL="" ColumnName="Created" DefaultValue="" Description="Date this record was created" EntityType="pasta" FieldLength="7" Help="The Created field indicates the date that this record was created." isAlwaysUpdateable="false" isIdentifier="false" isKey="false" isMandatory="true" isParent="false" isSelectionColumn="false" isActive="true" isTranslated="false" isUpdateable="false" Name="Created" getIsSyncDatabase="Y" ReadOnlyLogic="" SeqNo="0" VFormat="" ValueMax="" ValueMin="" Version="1" InfoFactoryClass=""/>
                <column AD_Column_ID="80093" ADColumnNameID="CreatedBy" ADProcessNameID="" ADElementNameID="CreatedBy" ADReferenceNameID="Table" ADReferenceNameValueID="AD_User" ADTableNameID="SO_JobsOrderLine" ADValRuleNameID="" Callout="" ColumnSQL="" ColumnName="CreatedBy" DefaultValue="" Description="User who created this records" EntityType="pasta" FieldLength="22" Help="The Created By field indicates the user who created this record." isAlwaysUpdateable="false" isIdentifier="false" isKey="false" isMandatory="true" isParent="false" isSelectionColumn="false" isActive="true" isTranslated="false" isUpdateable="false" Name="Created By" getIsSyncDatabase="Y" ReadOnlyLogic="" SeqNo="0" VFormat="" ValueMax="" ValueMin="" Version="1" InfoFactoryClass=""/>
                <column AD_Column_ID="80096" ADColumnNameID="Description" ADProcessNameID="" ADElementNameID="Description" ADReferenceNameID="String" ADReferenceNameValueID="" ADTableNameID="SO_JobsOrderLine" ADValRuleNameID="" Callout="" ColumnSQL="" ColumnName="Description" DefaultValue="" Description="Optional short description of the record" EntityType="pasta" FieldLength="255" Help="A description is limited to 255 characters." isAlwaysUpdateable="false" isIdentifier="false" isKey="false" isMandatory="false" isParent="false" isSelectionColumn="false" isActive="true" isTranslated="false" isUpdateable="true" Name="Description" getIsSyncDatabase="Y" ReadOnlyLogic="" SeqNo="0" VFormat="" ValueMax="" ValueMin="" Version="1" InfoFactoryClass=""/>
                <column AD_Column_ID="80100" ADColumnNameID="IsActive" ADProcessNameID="" ADElementNameID="IsActive" ADReferenceNameID="Yes-No" ADReferenceNameValueID="" ADTableNameID="SO_JobsOrderLine" ADValRuleNameID="" Callout="" ColumnSQL="" ColumnName="IsActive" DefaultValue="Y" Description="The record is active in the system" EntityType="pasta" FieldLength="1" Help="There are two methods of making records unavailable in the system: One is to delete the record, the other is to de-activate the record. A de-activated record is not available for selection, but available for reports.&#10;There are two reasons for de-activating and not deleting records:&#10;(1) The system requires the record for audit purposes.&#10;(2) The record is referenced by other records. E.g., you cannot delete a Business Partner, if there are invoices for this partner record existing. You de-activate the Business Partner and prevent that this record is used for future entries." isAlwaysUpdateable="false" isIdentifier="false" isKey="false" isMandatory="true" isParent="false" isSelectionColumn="false" isActive="true" isTranslated="false" isUpdateable="true" Name="Active" getIsSyncDatabase="Y" ReadOnlyLogic="" SeqNo="0" VFormat="" ValueMax="" ValueMin="" Version="1" InfoFactoryClass=""/>
                <column AD_Column_ID="80102" ADColumnNameID="PriorityRule" ADProcessNameID="" ADElementNameID="PriorityRule" ADReferenceNameID="List" ADReferenceNameValueID="_PriorityRule" ADTableNameID="SO_JobsOrderLine" ADValRuleNameID="" Callout="" ColumnSQL="" ColumnName="PriorityRule" DefaultValue="" Description="Priority of a document" EntityType="pasta" FieldLength="1" Help="The Priority indicates the importance (high, medium, low) of this document" isAlwaysUpdateable="false" isIdentifier="false" isKey="false" isMandatory="false" isParent="false" isSelectionColumn="false" isActive="true" isTranslated="false" isUpdateable="true" Name="Priority" getIsSyncDatabase="Y" ReadOnlyLogic="" SeqNo="0" VFormat="" ValueMax="" ValueMin="" Version="0" InfoFactoryClass=""/>
                <column AD_Column_ID="80103" ADColumnNameID="Processed" ADProcessNameID="" ADElementNameID="Processed" ADReferenceNameID="Yes-No" ADReferenceNameValueID="" ADTableNameID="SO_JobsOrderLine" ADValRuleNameID="" Callout="" ColumnSQL="" ColumnName="Processed" DefaultValue="N" Description="The document has been processed" EntityType="pasta" FieldLength="1" Help="The Processed checkbox indicates that a document has been processed." isAlwaysUpdateable="false" isIdentifier="false" isKey="false" isMandatory="true" isParent="false" isSelectionColumn="false" isActive="true" isTranslated="false" isUpdateable="true" Name="Processed" getIsSyncDatabase="Y" ReadOnlyLogic="" SeqNo="0" VFormat="" ValueMax="" ValueMin="" Version="0" InfoFactoryClass=""/>
                <column AD_Column_ID="80106" ADColumnNameID="Updated" ADProcessNameID="" ADElementNameID="Updated" ADReferenceNameID="Date+Time" ADReferenceNameValueID="" ADTableNameID="SO_JobsOrderLine" ADValRuleNameID="" Callout="" ColumnSQL="" ColumnName="Updated" DefaultValue="" Description="Date this record was updated" EntityType="pasta" FieldLength="7" Help="The Updated field indicates the date that this record was updated." isAlwaysUpdateable="false" isIdentifier="false" isKey="false" isMandatory="true" isParent="false" isSelectionColumn="false" isActive="true" isTranslated="false" isUpdateable="false" Name="Updated" getIsSyncDatabase="Y" ReadOnlyLogic="" SeqNo="0" VFormat="" ValueMax="" ValueMin="" Version="1" InfoFactoryClass=""/>
                <column AD_Column_ID="80107" ADColumnNameID="UpdatedBy" ADProcessNameID="" ADElementNameID="UpdatedBy" ADReferenceNameID="Table" ADReferenceNameValueID="AD_User" ADTableNameID="SO_JobsOrderLine" ADValRuleNameID="" Callout="" ColumnSQL="" ColumnName="UpdatedBy" DefaultValue="" Description="User who updated this records" EntityType="pasta" FieldLength="22" Help="The Updated By field indicates the user who updated this record." isAlwaysUpdateable="false" isIdentifier="false" isKey="false" isMandatory="true" isParent="false" isSelectionColumn="false" isActive="true" isTranslated="false" isUpdateable="false" Name="Updated By" getIsSyncDatabase="Y" ReadOnlyLogic="" SeqNo="0" VFormat="" ValueMax="" ValueMin="" Version="1" InfoFactoryClass=""/>
                <element AD_Element_ID="561" IsActive="true" ColumnName="C_OrderLine_ID" Description="Sales Order Line" EntityType="D" Help="The Sales Order Line is a unique identifier for a line in an order." Name="Sales Order Line" PrintName="Order Line" PO_Description="Purchase Order Line" PO_Name="Purchase Order Line" PO_Help="The Purchase Order Line is a unique identifier for a line in an order." PO_PrintName="Order Line"/>
                <dynvalrule AD_Val_Rule_ID="203" Name="C_OrderLine of Order" Code="C_OrderLine.C_Order_ID=@C_Order_ID@" Description="" EntityType="D" Type="S" isActive="true"/>
                <column AD_Column_ID="80108" ADColumnNameID="C_OrderLine_ID" ADProcessNameID="" ADElementNameID="C_OrderLine_ID" ADReferenceNameID="Table Direct" ADReferenceNameValueID="" ADTableNameID="SO_JobsOrderLine" ADValRuleNameID="C_OrderLine of Order" Callout="org.pasta.model.CalloutJobsOrder.soLine" ColumnSQL="" ColumnName="C_OrderLine_ID" DefaultValue="" Description="Sales Order Line" EntityType="pasta" FieldLength="10" Help="The Sales Order Line is a unique identifier for a line in an order." isAlwaysUpdateable="false" isIdentifier="false" isKey="false" isMandatory="false" isParent="false" isSelectionColumn="false" isActive="true" isTranslated="false" isUpdateable="true" Name="Sales Order Line" getIsSyncDatabase="Y" ReadOnlyLogic="" SeqNo="0" VFormat="" ValueMax="" ValueMin="" Version="0" InfoFactoryClass=""/>
                <element AD_Element_ID="526" IsActive="true" ColumnName="Qty" Description="Quantity" EntityType="D" Help="The Quantity indicates the number of a specific product or item for this document." Name="Quantity" PrintName="Qty" PO_Description="" PO_Name="" PO_Help="" PO_PrintName=""/>
                <reference AD_Reference_ID="29" name="Quantity" Description="Quantity data type" EntityType="D" Help="" Name="Quantity" isActive="true" VFormat="" ValidationType="D"/>
                <column AD_Column_ID="80109" ADColumnNameID="Qty" ADProcessNameID="" ADElementNameID="Qty" ADReferenceNameID="Quantity" ADReferenceNameValueID="" ADTableNameID="SO_JobsOrderLine" ADValRuleNameID="" Callout="" ColumnSQL="" ColumnName="Qty" DefaultValue="" Description="Quantity" EntityType="pasta" FieldLength="22" Help="The Quantity indicates the number of a specific product or item for this document." isAlwaysUpdateable="false" isIdentifier="false" isKey="false" isMandatory="true" isParent="false" isSelectionColumn="false" isActive="true" isTranslated="false" isUpdateable="true" Name="Quantity" getIsSyncDatabase="Y" ReadOnlyLogic="" SeqNo="0" VFormat="" ValueMax="" ValueMin="" Version="0" InfoFactoryClass=""/>
                <element AD_Element_ID="215" IsActive="true" ColumnName="C_UOM_ID" Description="Unit of Measure" EntityType="D" Help="The UOM defines a unique non monetary Unit of Measure" Name="UOM" PrintName="UOM" PO_Description="" PO_Name="" PO_Help="" PO_PrintName=""/>
                <dynvalrule AD_Val_Rule_ID="210" Name="C_UOM Product Options" Code="(&#10;EXISTS (&#10;&#9;/* UOM is a default UOM and no product selected */&#10;&#9;SELECT * &#10;&#9;FROM C_UOM uu &#10;&#9;WHERE C_UOM.C_UOM_ID=uu.C_UOM_ID AND IsActive ='Y' AND IsDefault='Y' AND @M_Product_ID@=0&#10;)&#10;OR EXISTS (&#10;&#9;/* UOM is the products UOM */&#10;&#9;SELECT * &#10;&#9;FROM M_Product p &#10;&#9;WHERE C_UOM.C_UOM_ID=p.C_UOM_ID AND @M_Product_ID@=p.M_Product_ID&#10;)&#10;OR EXISTS (&#10;&#9;/* For the products UOM there is a conversion that is explicitly bound to the product */&#10;&#9;SELECT * &#10;&#9;FROM M_Product p INNER JOIN C_UOM_Conversion c ON (p.C_UOM_ID=c.C_UOM_ID AND p.M_PRODUCT_ID=c.M_Product_ID AND c.IsActive ='Y' )&#10;&#9;WHERE C_UOM.C_UOM_ID=c.C_UOM_TO_ID AND @M_Product_ID@=p.M_Product_ID&#10;)&#10;OR EXISTS (&#10;&#9;/* For the products UOM there is a conversion that is not bound to any product explicitly */&#10;&#9;SELECT * &#10;&#9;FROM M_Product p INNER JOIN C_UOM_Conversion c ON (p.C_UOM_ID=c.C_UOM_ID AND c.M_Product_ID IS NULL AND c.IsActive ='Y' )&#10;&#9;WHERE C_UOM.C_UOM_ID=c.C_UOM_TO_ID AND @M_Product_ID@=p.M_Product_ID&#10;))" Description="" EntityType="D" Type="S" isActive="true"/>
                <column AD_Column_ID="80110" ADColumnNameID="C_UOM_ID" ADProcessNameID="" ADElementNameID="C_UOM_ID" ADReferenceNameID="Table Direct" ADReferenceNameValueID="" ADTableNameID="SO_JobsOrderLine" ADValRuleNameID="C_UOM Product Options" Callout="" ColumnSQL="" ColumnName="C_UOM_ID" DefaultValue="" Description="Unit of Measure" EntityType="pasta" FieldLength="10" Help="The UOM defines a unique non monetary Unit of Measure" isAlwaysUpdateable="false" isIdentifier="false" isKey="false" isMandatory="false" isParent="false" isSelectionColumn="false" isActive="true" isTranslated="false" isUpdateable="true" Name="UOM" getIsSyncDatabase="Y" ReadOnlyLogic="" SeqNo="0" VFormat="" ValueMax="" ValueMin="" Version="0" InfoFactoryClass=""/>
                <column AD_Column_ID="80111" ADColumnNameID="SO_JobsOrder_ID" ADProcessNameID="" ADElementNameID="SO_JobsOrder_ID" ADReferenceNameID="Table Direct" ADReferenceNameValueID="" ADTableNameID="SO_JobsOrderLine" ADValRuleNameID="" Callout="" ColumnSQL="" ColumnName="SO_JobsOrder_ID" DefaultValue="" Description="" EntityType="U" FieldLength="10" Help="" isAlwaysUpdateable="false" isIdentifier="false" isKey="false" isMandatory="true" isParent="true" isSelectionColumn="false" isActive="true" isTranslated="false" isUpdateable="false" Name="Jobs Order" getIsSyncDatabase="Y" ReadOnlyLogic="" SeqNo="0" VFormat="" ValueMax="" ValueMin="" Version="0" InfoFactoryClass=""/>
                <element AD_Element_ID="454" IsActive="true" ColumnName="M_Product_ID" Description="Product, Service, Item" EntityType="D" Help="Identifies an item which is either purchased or sold in this organization." Name="Product" PrintName="Product" PO_Description="" PO_Name="" PO_Help="" PO_PrintName=""/>
                <column AD_Column_ID="80112" ADColumnNameID="M_Product_ID" ADProcessNameID="" ADElementNameID="M_Product_ID" ADReferenceNameID="Search" ADReferenceNameValueID="" ADTableNameID="SO_JobsOrderLine" ADValRuleNameID="" Callout="" ColumnSQL="" ColumnName="M_Product_ID" DefaultValue="" Description="Product, Service, Item" EntityType="U" FieldLength="10" Help="Identifies an item which is either purchased or sold in this organization." isAlwaysUpdateable="false" isIdentifier="false" isKey="false" isMandatory="true" isParent="false" isSelectionColumn="false" isActive="true" isTranslated="false" isUpdateable="true" Name="Product" getIsSyncDatabase="Y" ReadOnlyLogic="" SeqNo="0" VFormat="" ValueMax="" ValueMin="" Version="0" InfoFactoryClass=""/>
                <element AD_Element_ID="2945" IsActive="true" ColumnName="LineNo" Description="Line No" EntityType="D" Help="" Name="Line" PrintName="Line" PO_Description="" PO_Name="" PO_Help="" PO_PrintName=""/>
                <reference AD_Reference_ID="11" name="Integer" Description="10 Digit numeric" EntityType="D" Help="" Name="Integer" isActive="true" VFormat="" ValidationType="D"/>
                <column AD_Column_ID="80115" ADColumnNameID="LineNo" ADProcessNameID="" ADElementNameID="LineNo" ADReferenceNameID="Integer" ADReferenceNameValueID="" ADTableNameID="SO_JobsOrderLine" ADValRuleNameID="" Callout="" ColumnSQL="" ColumnName="LineNo" DefaultValue="@SQL=SELECT COALESCE(MAX(LineNo),0)+10 as DefaultValue FROM SO_JobsOrderLine WHERE SO_JobsOrder_ID = @SO_JobsOrder_ID@" Description="Line No" EntityType="pasta" FieldLength="10" Help="" isAlwaysUpdateable="false" isIdentifier="false" isKey="false" isMandatory="false" isParent="false" isSelectionColumn="false" isActive="true" isTranslated="false" isUpdateable="true" Name="Line" getIsSyncDatabase="Y" ReadOnlyLogic="" SeqNo="0" VFormat="" ValueMax="" ValueMin="" Version="0" InfoFactoryClass=""/>
            </table>
            <tab AD_Tab_ID="80004" Name="Jobs Order Line" ADColumnSortOrderNameID="" ADColumnSortYesNoNameID="" ADColumnNameID="" ADImageNameID="" ADProcessNameID="" ADTabNameID="Jobs Order Line" ADTableNameID="SO_JobsOrderLine" ADWindowNameID="Jobs Order" IncludedTabNameID="" CommitWarning="" Description="" EntityType="pasta" isHasTree="false" Help="" isInfoTab="false" isReadOnly="false" isSingleRow="true" isSortTab="false" isActive="true" IsTranslationTab="false" OrderByClause="" isProcessing="false" SeqNo="20" TabLevel="1" WhereClause="" ReadOnlyLogic="" DisplayLogic="" isInsertRecord="true" isAdvancedTab="false" Syncfields="false">
                <field AD_Field_ID="80080" ADColumnNameID="IsActive" ADTableNameID="SO_JobsOrderLine" ADFieldGroupNameID="" ADFieldNameID="Active" ADTabNameID="Jobs Order Line" ADWindowNameID="Jobs Order" EntityType="pasta" Name="Active" SameLine="false" isCentrallyMaintained="true" Displayed="false" isActive="true" isEncrypted="false" isFieldOnly="false" isHeading="false" isReadOnly="false" SeqNo="0" DisplayLength="1" Description="The record is active in the system" Help="There are two methods of making records unavailable in the system: One is to delete the record, the other is to de-activate the record. A de-activated record is not available for selection, but available for reports.&#10;There are two reasons for de-activating and not deleting records:&#10;(1) The system requires the record for audit purposes.&#10;(2) The record is referenced by other records. E.g., you cannot delete a Business Partner, if there are invoices for this partner record existing. You de-activate the Business Partner and prevent that this record is used for future entries." SortNo="0" DisplayLogic="" ObscureType="" InfoFactoryClass="" ADReferenceNameID="" ADReferenceNameValueID="" ADValRuleNameID=""/>
                <field AD_Field_ID="80084" ADColumnNameID="SO_JobsOrderLine_ID" ADTableNameID="SO_JobsOrderLine" ADFieldGroupNameID="" ADFieldNameID="Jobs Order Line" ADTabNameID="Jobs Order Line" ADWindowNameID="Jobs Order" EntityType="pasta" Name="Jobs Order Line" SameLine="false" isCentrallyMaintained="true" Displayed="false" isActive="true" isEncrypted="false" isFieldOnly="false" isHeading="false" isReadOnly="false" SeqNo="0" DisplayLength="22" Description="" Help="" SortNo="0" DisplayLogic="" ObscureType="" InfoFactoryClass="" ADReferenceNameID="" ADReferenceNameValueID="" ADValRuleNameID=""/>
                <field AD_Field_ID="80087" ADColumnNameID="Processed" ADTableNameID="SO_JobsOrderLine" ADFieldGroupNameID="" ADFieldNameID="Processed" ADTabNameID="Jobs Order Line" ADWindowNameID="Jobs Order" EntityType="pasta" Name="Processed" SameLine="false" isCentrallyMaintained="true" Displayed="false" isActive="true" isEncrypted="false" isFieldOnly="false" isHeading="false" isReadOnly="false" SeqNo="0" DisplayLength="1" Description="The document has been processed" Help="The Processed checkbox indicates that a document has been processed." SortNo="0" DisplayLogic="" ObscureType="" InfoFactoryClass="" ADReferenceNameID="" ADReferenceNameValueID="" ADValRuleNameID=""/>
                <field AD_Field_ID="80081" ADColumnNameID="AD_Client_ID" ADTableNameID="SO_JobsOrderLine" ADFieldGroupNameID="" ADFieldNameID="Client" ADTabNameID="Jobs Order Line" ADWindowNameID="Jobs Order" EntityType="pasta" Name="Client" SameLine="false" isCentrallyMaintained="true" Displayed="true" isActive="true" isEncrypted="false" isFieldOnly="false" isHeading="false" isReadOnly="false" SeqNo="10" DisplayLength="0" Description="Client/Tenant for this installation." Help="A Client is a company or a legal entity. You cannot share data between Clients. Tenant is a synonym for Client." SortNo="0" DisplayLogic="" ObscureType="" InfoFactoryClass="" ADReferenceNameID="" ADReferenceNameValueID="" ADValRuleNameID=""/>
                <field AD_Field_ID="80085" ADColumnNameID="AD_Org_ID" ADTableNameID="SO_JobsOrderLine" ADFieldGroupNameID="" ADFieldNameID="Organization" ADTabNameID="Jobs Order Line" ADWindowNameID="Jobs Order" EntityType="pasta" Name="Organization" SameLine="true" isCentrallyMaintained="true" Displayed="true" isActive="true" isEncrypted="false" isFieldOnly="false" isHeading="false" isReadOnly="false" SeqNo="20" DisplayLength="0" Description="Organizational entity within client" Help="An organization is a unit of your client or legal entity - examples are store, department. You can share data between organizations." SortNo="0" DisplayLogic="" ObscureType="" InfoFactoryClass="" ADReferenceNameID="" ADReferenceNameValueID="" ADValRuleNameID=""/>
                <field AD_Field_ID="80083" ADColumnNameID="SO_JobsOrder_ID" ADTableNameID="SO_JobsOrderLine" ADFieldGroupNameID="" ADFieldNameID="Jobs Order" ADTabNameID="Jobs Order Line" ADWindowNameID="Jobs Order" EntityType="pasta" Name="Jobs Order" SameLine="false" isCentrallyMaintained="true" Displayed="true" isActive="true" isEncrypted="false" isFieldOnly="false" isHeading="false" isReadOnly="true" SeqNo="30" DisplayLength="0" Description="" Help="" SortNo="0" DisplayLogic="" ObscureType="" InfoFactoryClass="" ADReferenceNameID="" ADReferenceNameValueID="" ADValRuleNameID=""/>
                <field AD_Field_ID="80094" ADColumnNameID="LineNo" ADTableNameID="SO_JobsOrderLine" ADFieldGroupNameID="" ADFieldNameID="Line" ADTabNameID="Jobs Order Line" ADWindowNameID="Jobs Order" EntityType="pasta" Name="Line" SameLine="false" isCentrallyMaintained="true" Displayed="true" isActive="true" isEncrypted="false" isFieldOnly="false" isHeading="false" isReadOnly="false" SeqNo="40" DisplayLength="10" Description="Line No" Help="" SortNo="0" DisplayLogic="" ObscureType="" InfoFactoryClass="" ADReferenceNameID="" ADReferenceNameValueID="" ADValRuleNameID=""/>
                <field AD_Field_ID="80089" ADColumnNameID="C_OrderLine_ID" ADTableNameID="SO_JobsOrderLine" ADFieldGroupNameID="" ADFieldNameID="Sales Order Line" ADTabNameID="Jobs Order Line" ADWindowNameID="Jobs Order" EntityType="pasta" Name="Sales Order Line" SameLine="false" isCentrallyMaintained="true" Displayed="true" isActive="true" isEncrypted="false" isFieldOnly="false" isHeading="false" isReadOnly="false" SeqNo="50" DisplayLength="0" Description="Sales Order Line" Help="The Sales Order Line is a unique identifier for a line in an order." SortNo="0" DisplayLogic="" ObscureType="" InfoFactoryClass="" ADReferenceNameID="" ADReferenceNameValueID="" ADValRuleNameID=""/>
                <field AD_Field_ID="80086" ADColumnNameID="PriorityRule" ADTableNameID="SO_JobsOrderLine" ADFieldGroupNameID="" ADFieldNameID="Priority" ADTabNameID="Jobs Order Line" ADWindowNameID="Jobs Order" EntityType="pasta" Name="Priority" SameLine="true" isCentrallyMaintained="true" Displayed="true" isActive="true" isEncrypted="false" isFieldOnly="false" isHeading="false" isReadOnly="false" SeqNo="60" DisplayLength="1" Description="Priority of a document" Help="The Priority indicates the importance (high, medium, low) of this document" SortNo="0" DisplayLogic="" ObscureType="" InfoFactoryClass="" ADReferenceNameID="" ADReferenceNameValueID="" ADValRuleNameID=""/>
                <field AD_Field_ID="80091" ADColumnNameID="M_Product_ID" ADTableNameID="SO_JobsOrderLine" ADFieldGroupNameID="" ADFieldNameID="Product" ADTabNameID="Jobs Order Line" ADWindowNameID="Jobs Order" EntityType="pasta" Name="Product" SameLine="false" isCentrallyMaintained="true" Displayed="true" isActive="true" isEncrypted="false" isFieldOnly="false" isHeading="false" isReadOnly="false" SeqNo="70" DisplayLength="0" Description="Product, Service, Item" Help="Identifies an item which is either purchased or sold in this organization." SortNo="0" DisplayLogic="" ObscureType="" InfoFactoryClass="" ADReferenceNameID="" ADReferenceNameValueID="" ADValRuleNameID=""/>
                <field AD_Field_ID="80088" ADColumnNameID="Qty" ADTableNameID="SO_JobsOrderLine" ADFieldGroupNameID="" ADFieldNameID="Quantity" ADTabNameID="Jobs Order Line" ADWindowNameID="Jobs Order" EntityType="pasta" Name="Quantity" SameLine="false" isCentrallyMaintained="true" Displayed="true" isActive="true" isEncrypted="false" isFieldOnly="false" isHeading="false" isReadOnly="false" SeqNo="80" DisplayLength="0" Description="Quantity" Help="The Quantity indicates the number of a specific product or item for this document." SortNo="0" DisplayLogic="" ObscureType="" InfoFactoryClass="" ADReferenceNameID="" ADReferenceNameValueID="" ADValRuleNameID=""/>
                <field AD_Field_ID="80090" ADColumnNameID="C_UOM_ID" ADTableNameID="SO_JobsOrderLine" ADFieldGroupNameID="" ADFieldNameID="UOM" ADTabNameID="Jobs Order Line" ADWindowNameID="Jobs Order" EntityType="pasta" Name="UOM" SameLine="true" isCentrallyMaintained="true" Displayed="true" isActive="true" isEncrypted="false" isFieldOnly="false" isHeading="false" isReadOnly="false" SeqNo="90" DisplayLength="0" Description="Unit of Measure" Help="The UOM defines a unique non monetary Unit of Measure" SortNo="0" DisplayLogic="" ObscureType="" InfoFactoryClass="" ADReferenceNameID="" ADReferenceNameValueID="" ADValRuleNameID=""/>
                <field AD_Field_ID="80082" ADColumnNameID="Description" ADTableNameID="SO_JobsOrderLine" ADFieldGroupNameID="" ADFieldNameID="Description" ADTabNameID="Jobs Order Line" ADWindowNameID="Jobs Order" EntityType="pasta" Name="Description" SameLine="false" isCentrallyMaintained="true" Displayed="true" isActive="true" isEncrypted="false" isFieldOnly="false" isHeading="false" isReadOnly="false" SeqNo="100" DisplayLength="255" Description="Optional short description of the record" Help="A description is limited to 255 characters." SortNo="0" DisplayLogic="" ObscureType="" InfoFactoryClass="" ADReferenceNameID="" ADReferenceNameValueID="" ADValRuleNameID=""/>
            </tab>
        </window>
    </menu>
</adempiereAD>
